Region,Subregion - broad,Subregion - detailed,Income group,Number,Country,1.1.1 ,1.1.2 ,1.1.3 ,ACTIVITY,2.1.1 ,2.1.2 ,2.1.3 ,2.1.4 ,2.1.5 ,ACTIVITY,2.2.1 ,NEG 2.2.4,ACTIVITY,2.3.1 ,2.3.2 ,2.3.3 ,ACTIVITY,3.1.1 ,NEG 3.1.2,3.1.3 ,3.1.4 ,NEG 3.1.5 ,NEG 3.1.7,ACTIVITY,3.2.1 ,3.2.2 ,3.2.3 ,3.2.4 ,ACTIVITY,3.3.1 ,3.3.2 ,ACTIVITY,4.1.1 ,4.1.2 ,4.1.3 ,ACTIVITY,4.2.1 ,4.2.2 ,ACTIVITY,M1 (/9),M1 %,1.1.1 ,1.1.2 ,1.1.3 ,1.1.4 ,1.1.5 ,1.1.6 ,1.1.7 ,1.1.8 ,1.1.9 ,1.1.10 ,ACTIVITY,1.2.1 ,1.2.2 ,1.2.3 ,1.2.4 ,1.2.5 ,1.2.6 ,NEG 1.2.7,ACTIVITY,1.4.1 ,1.4.2 ,1.4.3 ,NEG 1.4.5,ACTIVITY,2.1.1 ,2.1.3 ,2.1.4 ,2.1.5 ,2.1.6 ,ACTIVITY,3.1.1 ,NEG 3.1.3,ACTIVITY,3.2.1 ,3.2.2 ,3.2.4 ,NEG 3.2.5,ACTIVITY,M2 (/6),M2 %,1.1.1 ,1.2.1 ,1.3.2 ,1.3.5 ,ACTIVITY,2.1.1 ,ACTIVITY,3.1.1 ,3.1.3 ,ACTIVITY,3.2.1 ,NEG 3.2.4,3.2.6 ,ACTIVITY,M3 (/4),M3 %,1.1.1 ,1.1.2 ,1.1.3 ,ACTIVITY,1.2.1 ,ACTIVITY,1.3.2 ,1.3.3 ,1.3.4 ,ACTIVITY,1.4.1 ,NEG 1.4.3,ACTIVITY,1.5.1 ,1.5.2 ,ACTIVITY,1.6.3 ,1.6.5 ,NEG 1.6.7,NEG 1.6.9,ACTIVITY,1.7.1 ,1.7.2 ,NEG 1.7.5,ACTIVITY,NEG 1.8.1,M4 (/7),M4 %,1.1.1 ,1.1.2 ,1.1.3 ,1.1.4 ,1.1.5 ,ACTIVITY,2.1.1 ,2.1.2 ,2.1.3 ,2.1.4 ,2.1.5 ,2.1.6 ,ACTIVITY,M5 (/2),M5 %,SUM (/28),NEG M4 1.4.3 + M4 1.8.1,TOTAL SUM,TOTAL %,TOTAL % ROUND,Total negs
Europe and Central Asia,"Northern, Southern and Western Europe",Southern Europe,Upper-middle income,1,Albania,1,0,0,0.333333333,1,1,1,1,0,0.8,1,0,1,1,1,0,0.666666667,1,-1,0,1,0,0,0.333333333,1,1,1,1,1,1,0,0.5,1,1,1,1,1,1,1,6.633333333,73.7037037,1,1,1,1,0,1,1,1,1,0,0.8,1,0,0,0,0,1,-1,0.166666667,1,1,1,-1,0.666666667,1,1,1,1,1,1,1,-1,0,1,1,1,-1,0.666666667,3.3,55,1,1,0,0,0.5,0,0,1,1,1,1,0,1,1,2.5,62.5,1,0,1,0.666666667,1,1,0,0,1,0.333333333,1,-1,1,1,0,0.5,0,1,0,0,0.5,1,1,0,1,0,5,71.42857143,0,0,0,0,0,0,0,0,0,0,0,0,0,0,0,17.43333333,-1,16.43333333,58.69,58.7,-6
Africa,Northern Africa,Northern Africa,Upper-middle income,2,Algeria,0,0,0,0,1,1,1,0,0,0.6,1,0,1,1,0,1,0.666666667,1,0,0,1,-1,0,0.333333333,0,0,1,0,0.25,0,0,0,0,0,0,0,0,0,0,2.85,31.66666667,1,1,1,1,0,1,1,1,1,0,0.8,1,0,0,0,1,0,0,0.333333333,1,0,0,-1,0,0,0,1,0,0,0.2,1,0,1,1,1,1,0,1,3.333333333,55.55555556,0,1,0,1,0.5,0,0,1,1,1,0,-1,0,-0.5,1,25,0,0,0,0,0,0,1,0,1,0.666666667,1,0,1,1,0,0.5,1,0,0,0,0.5,1,0,0,0.5,0,3.166666667,45.23809524,0,0,0,0,0,0,0,0,0,0,0,0,0,0,0,10.35,0,10.35,36.96,37.0,-3
Africa,Sub-Saharan Africa,Central Africa,Upper-middle income,3,Angola,0,0,0,0,1,1,0,0,0,0.4,1,0,1,0,1,0,0.333333333,1,0,0,0,-1,0,0,0,0,1,1,0.5,1,0,0.5,0,0,0,0,0,0,0,2.733333333,30.37037037,0,0,1,1,0,1,1,1,0,0,0.5,0,1,0,0,0,0,0,0.166666667,0,0,0,0,0,0,0,0,0,0,0,1,0,1,1,0,0,0,0.333333333,2,33.33333333,1,0,0,0,0.25,0,0,1,1,1,1,-1,1,0.5,1.75,43.75,0,0,0,0,1,1,0,0,0,0,1,0,1,0,0,0,0,1,-1,0,0,1,1,0,1,0,3,42.85714286,0,0,0,0,0,0,0,0,0,0,0,0,0,0,0,9.483333333,0,9.483333333,33.87,33.9,-3
Americas,Latin America and the Caribbean,Caribbean,High income,4,Antigua and Barbuda,0,0,0,0,1,1,1,1,0,0.8,1,0,1,1,1,0,0.666666667,1,0,1,0,0,0,0.666666667,1,1,1,1,1,0,0,0,1,0,0,0.333333333,0,0,0,4.466666667,49.62962963,1,1,1,1,0,1,0,1,0,0,0.6,1,1,0,0,1,0,0,0.5,0,1,1,0,0.666666667,1,1,0,1,0,0.6,0,0,0,0,0,0,-1,-0.333333333,2.033333333,33.88888889,1,1,1,1,1,0,0,1,0,0.5,1,0,1,1,2.5,62.5,0,0,0,0,1,1,0,0,0,0,1,-1,1,0,0,0,0,1,0,0,0.5,1,1,0,1,0,3.5,50,0,0,0,0,0,0,0,0,0,0,0,0,0,0,0,12.5,-1,11.5,41.07,41.1,-2
Americas,Latin America and the Caribbean,South America,High income,5,Argentina,1,1,1,1,1,1,1,1,0,0.8,1,0,1,1,1,0,0.666666667,1,0,1,1,-1,0,0.666666667,0,1,1,0,0.5,1,0,0.5,1,0,1,0.666666667,1,1,1,6.8,75.55555556,0,1,1,1,1,1,1,1,1,1,0.9,1,1,1,0,1,1,0,0.833333333,1,1,1,0,1,1,1,1,1,1,1,1,0,1,1,1,1,-1,0.666666667,5.4,90,1,1,0,0,0.5,0,0,1,1,1,1,0,1,1,2.5,62.5,1,0,0,0.333333333,1,1,1,0,1,0.666666667,1,0,1,1,1,1,0,1,0,0,0.5,1,1,0,1,0,5.5,78.57142857,0,0,0,0,0,0,0,0,0,0,0,0,0,0,0,20.2,0,20.2,72.14,72.1,-2
Europe and Central Asia,Central and Western Asia,Western Asia,Lower-middle income,6,Armenia,1,1,0,0.666666667,1,1,1,1,1,1,1,-1,0,1,0,0,0.333333333,1,-1,1,1,-1,0,0.333333333,1,0,0,0,0.25,0,0,0,1,1,1,1,1,1,1,4.583333333,50.92592593,0,0,1,1,0,1,1,1,0,0,0.5,1,0,0,1,0,0,0,0.333333333,1,1,0,0,0.666666667,1,0,0,1,1,0.6,1,0,1,1,1,1,0,1,4.1,68.33333333,1,1,1,0,0.75,0,0,1,1,1,1,0,1,1,2.75,68.75,0,0,0,0,1,1,0,0,1,0.333333333,1,0,1,1,0,0.5,0,1,0,0,0.5,1,1,0,1,0,4.333333333,61.9047619,0,0,0,0,0,0,0,0,0,0,0,0,0,0,0,15.76666667,0,15.76666667,56.31,56.3,-3
Asia and the Pacific,South-Eastern Asia and the Pacific,Pacific Islands,High income,7,Australia,1,1,1,1,1,1,1,1,1,1,1,0,1,1,1,1,1,1,0,1,1,0,0,1,1,1,1,1,1,1,0,0.5,1,0,1,0.666666667,0,0,0,7.166666667,79.62962963,1,1,1,1,0,1,1,1,0,0,0.7,1,1,1,1,1,1,0,1,1,0,0,-1,0,1,1,1,0,1,0.8,1,0,1,1,1,0,-1,0.333333333,3.833333333,63.88888889,1,1,1,0,0.75,0,0,1,1,1,1,-1,1,0.5,2.25,56.25,1,1,1,1,1,1,1,1,1,1,1,0,1,1,0,0.5,0,0,0,0,0,1,1,0,1,0,5.5,78.57142857,0,1,0,0,0,0.2,1,1,0,0,0,0,0.333333333,0.533333333,26.66666667,19.28333333,0,19.28333333,68.87,68.9,-3
Europe and Central Asia,"Northern, Southern and Western Europe",Western Europe,High income,8,Austria,1,0,1,0.666666667,1,1,1,1,1,1,1,0,1,1,1,0,0.666666667,1,0,1,1,0,0,1,1,1,1,0,0.75,0,0,0,1,1,1,1,1,1,1,7.083333333,78.7037037,1,1,1,1,0,1,1,1,0,0,0.7,1,1,0,0,0,1,0,0.5,1,0,0,0,0.333333333,1,1,1,1,0,0.8,1,0,1,1,1,1,0,1,4.333333333,72.22222222,1,1,1,0,0.75,0,0,1,1,1,1,0,1,1,2.75,68.75,1,0,1,0.666666667,1,1,0,1,1,0.666666667,1,0,1,1,0,0.5,0,1,0,-1,0,1,0,0,0.5,0,4.333333333,61.9047619,1,1,0,0,0,0.4,1,0,0,0,0,0,0.166666667,0.566666667,28.33333333,19.06666667,0,19.06666667,68.10,68.1,-1
Europe and Central Asia,Central and Western Asia,Western Asia,Upper-middle income,9,Azerbaijan,1,1,0,0.666666667,1,1,1,1,1,1,1,0,1,1,0,1,0.666666667,1,-1,1,1,-1,0,0.333333333,1,1,1,0,0.75,1,1,1,0,0,0,0,0,0,0,5.416666667,60.18518519,1,1,1,1,0,1,1,1,1,0,0.8,1,1,0,1,0,1,0,0.666666667,1,1,0,0,0.666666667,1,1,1,1,1,1,1,0,1,1,1,0,0,0.666666667,4.8,80,0,1,1,0,0.5,0,0,1,1,1,1,0,1,1,2.5,62.5,0,0,0,0,1,1,1,0,0,0.333333333,1,0,1,0,1,0.5,0,0,0,0,0,1,1,0,1,0,3.833333333,54.76190476,0,0,0,0,0,0,0,0,0,0,0,0,0,0,0,16.55,0,16.55,59.11,59.1,-2
Americas,Latin America and the Caribbean,Caribbean,High income,10,Bahamas,1,0,0,0.333333333,1,1,0,1,0,0.6,1,0,1,1,1,0,0.666666667,1,0,1,1,0,0,1,1,1,0,1,0.75,1,0,0.5,1,0,1,0.666666667,1,1,1,6.516666667,72.40740741,1,1,1,1,0,1,1,1,0,0,0.7,1,1,1,0,1,1,0,0.833333333,1,0,1,0,0.666666667,1,1,1,1,1,1,1,0,1,1,1,1,0,1,5.2,86.66666667,1,1,0,0,0.5,0,0,1,1,1,0,-1,0,-0.5,1,25,0,0,0,0,1,1,1,0,0,0.333333333,1,0,1,0,1,0.5,0,1,0,0,0.5,1,0,0,0.5,0,3.833333333,54.76190476,0,0,0,0,0,0,0,0,0,0,0,0,0,0,0,16.55,0,16.55,59.11,59.1,-1
Arab States,Arab States,Arab States,High income,11,Bahrain,1,1,0,0.666666667,1,1,1,0,1,0.8,1,0,1,1,1,0,0.666666667,1,0,1,1,0,0,1,1,1,0,1,0.75,1,0,0.5,1,1,0,0.666666667,1,1,1,7.05,78.33333333,1,1,1,1,0,1,1,1,0,0,0.7,1,0,0,0,0,0,0,0.166666667,1,0,0,0,0.333333333,0,1,0,1,0,0.4,1,0,1,1,1,0,0,0.666666667,3.266666667,54.44444444,1,0,0,0,0.25,0,0,1,1,1,1,-1,1,0.5,1.75,43.75,0,0,0,0,1,1,0,0,0,0,1,-1,1,0,0,0,1,0,-1,-1,-0.5,1,0,0,0.5,0,2,28.57142857,0,0,0,0,0,0,0,0,0,0,0,0,0,0,0,14.06666667,-1,13.06666667,46.67,46.7,-4
Asia and the Pacific,Southern Asia,Southern Asia,Lower-middle income,12,Bangladesh,1,0,0,0.333333333,1,1,1,1,1,1,1,0,1,0,0,0,0,1,-1,1,1,-1,0,0.333333333,1,1,1,1,1,1,0,0.5,1,0,0,0.333333333,0,0,0,4.5,50,1,1,0,1,0,1,1,1,1,0,0.7,1,1,1,0,1,0,-1,0.5,0,1,0,0,0.333333333,0,0,0,1,1,0.4,1,0,1,1,1,1,0,1,3.933333333,65.55555556,1,1,1,0,0.75,0,0,1,1,1,1,-1,1,0.5,2.25,56.25,0,0,0,0,1,1,0,0,1,0.333333333,1,-1,1,0,0,0,1,0,-1,0,0,1,1,0,1,0,3.333333333,47.61904762,0,0,0,0,0,0,0,0,0,0,0,0,0,0,0,14.01666667,-1,13.01666667,46.49,46.5,-6
Americas,Latin America and the Caribbean,Caribbean,High income,13,Barbados,1,0,0,0.333333333,1,1,1,1,0,0.8,1,0,1,1,0,0,0.333333333,1,0,1,1,0,-1,0.666666667,1,1,1,0,0.75,1,0,0.5,0,0,0,0,1,0,0.5,4.883333333,54.25925926,1,1,1,1,0,1,0,0,0,0,0.5,0,1,1,0,0,0,-1,0.166666667,0,0,0,0,0,0,0,1,1,0,0.4,1,0,1,1,1,0,-1,0.333333333,2.4,40,1,0,0,0,0.25,0,0,1,0,0.5,0,0,1,0.5,1.25,31.25,0,0,0,0,1,1,0,0,1,0.333333333,1,0,1,1,0,0.5,1,1,0,0,1,0,0,0,0,0,3.833333333,54.76190476,0,0,0,0,0,0,0,0,0,0,0,0,0,0,0,12.36666667,0,12.36666667,44.17,44.2,-3
Europe and Central Asia,Eastern Europe,Eastern Europe,Upper-middle income,14,Belarus,1,1,1,1,1,1,1,0,1,0.8,1,0,1,1,1,1,1,1,0,0,1,-1,0,0.333333333,0,0,0,0,0,1,0,0.5,1,1,1,1,1,1,1,6.633333333,73.7037037,1,1,1,1,0,1,1,1,0,0,0.7,1,0,0,0,0,0,0,0.166666667,0,0,0,0,0,1,0,0,1,0,0.4,1,0,1,0,0,0,0,0,2.266666667,37.77777778,0,1,0,0,0.25,0,0,1,1,1,0,0,1,0.5,1.75,43.75,0,0,0,0,1,1,0,0,1,0.333333333,1,0,1,1,1,1,0,0,0,0,0,1,0,0,0.5,-1,3.833333333,54.76190476,0,0,0,0,0,0,0,0,0,0,0,0,0,0,0,14.48333333,-1,13.48333333,48.15,48.2,-2
Europe and Central Asia,"Northern, Southern and Western Europe",Western Europe,High income,15,Belgium,1,1,0,0.666666667,1,1,1,1,1,1,1,0,1,1,1,0,0.666666667,1,0,1,1,0,0,1,1,1,1,1,1,1,0,0.5,1,0,0,0.333333333,1,1,1,7.166666667,79.62962963,1,1,1,1,1,1,1,1,0,0,0.8,1,0,0,0,1,1,0,0.5,1,1,0,0,0.666666667,1,0,0,1,1,0.6,1,0,1,1,1,0,-1,0.333333333,3.9,65,1,1,0,0,0.5,1,1,1,1,1,1,-1,1,0.5,3,75,1,1,0,0.666666667,1,1,1,1,1,1,1,0,1,1,0,0.5,0,1,0,-1,0,1,1,0,1,0,5.166666667,73.80952381,1,1,0,0,0,0.4,1,1,0,0,0,0,0.333333333,0.733333333,36.66666667,19.96666667,0,19.96666667,71.31,71.3,-3
Americas,Latin America and the Caribbean,Central America,Upper-middle income,16,Belize,1,0,0,0.333333333,1,1,1,1,1,1,1,0,1,1,1,0,0.666666667,1,0,1,1,0,0,1,1,0,0,0,0.25,0,0,0,1,0,0,0.333333333,0,0,0,4.583333333,50.92592593,0,0,1,1,0,1,1,1,1,0,0.6,1,0,1,0,0,1,-1,0.333333333,1,1,0,-1,0.333333333,0,0,1,1,1,0.6,1,0,1,1,1,0,0,0.666666667,3.533333333,58.88888889,0,1,0,0,0.25,0,0,1,0,0.5,0,-1,0,-0.5,0.25,6.25,0,0,0,0,1,1,0,0,1,0.333333333,1,-1,1,1,0,0.5,1,1,-1,-1,0,0,1,0,0.5,0,3.333333333,47.61904762,0,0,0,0,0,0,0,0,0,0,0,0,0,0,0,11.7,-1,10.7,38.21,38.2,-6
Africa,Sub-Saharan Africa,Western Africa,Low income,17,Benin,1,0,0,0.333333333,0,0,0,0,0,0,1,0,1,1,1,0,0.666666667,1,0,1,1,-1,0,0.666666667,1,0,1,1,0.75,0,0,0,0,0,0,0,0,0,0,3.416666667,37.96296296,0,0,1,1,0,1,1,1,0,0,0.5,0,0,1,0,0,1,-1,0.166666667,0,0,0,0,0,0,0,0,1,1,0.4,1,0,1,1,1,0,0,0.666666667,2.733333333,45.55555556,1,1,0,0,0.5,0,0,1,1,1,1,0,0,0.5,2,50,1,1,0,0.666666667,1,1,0,0,0,0,1,0,1,0,1,0.5,0,1,0,0,0.5,0,1,0,0.5,0,4.166666667,59.52380952,0,0,0,0,0,0,0,0,0,0,0,0,0,0,0,12.31666667,0,12.31666667,43.99,44.0,-2
Americas,Latin America and the Caribbean,South America,Lower-middle income,18,"Bolivia, Plurinational State of",1,1,0,0.666666667,0,0,0,0,0,0,1,0,1,0,0,0,0,1,-1,0,1,-1,0,0,0,1,0,0,0.25,0,0,0,0,0,0,0,0,0,0,1.916666667,21.2962963,1,1,1,1,1,1,1,1,1,0,0.9,1,1,0,0,0,0,0,0.333333333,0,0,0,0,0,0,1,1,1,0,0.6,1,-1,0,1,1,1,-1,0.666666667,2.5,41.66666667,0,1,1,0,0.5,0,0,1,1,1,1,0,1,1,2.5,62.5,1,1,0,0.666666667,1,1,1,0,1,0.666666667,1,0,1,0,1,0.5,0,1,0,0,0.5,1,0,0,0.5,0,4.833333333,69.04761905,0,0,0,0,0,0,0,1,0,0,0,0,0.166666667,0.166666667,8.333333333,11.91666667,0,11.91666667,42.56,42.6,-4
Europe and Central Asia,"Northern, Southern and Western Europe",Southern Europe,Upper-middle income,19,Bosnia and Herzegovina,0,0,0,0,1,1,1,1,1,1,1,0,1,1,1,0,0.666666667,1,0,1,1,-1,0,0.666666667,0,1,1,0,0.5,1,1,1,0,0,0,0,1,1,1,5.833333333,64.81481481,1,1,1,1,0,1,1,1,1,0,0.8,1,1,0,0,0,0,0,0.333333333,0,0,1,-1,0,1,0,0,1,0,0.4,1,0,1,1,1,1,-1,0.666666667,3.2,53.33333333,0,1,1,0,0.5,0,0,1,1,1,1,0,0,0.5,2,50,1,0,1,0.666666667,1,1,1,0,1,0.666666667,1,0,1,1,1,1,0,1,0,0,0.5,0,1,0,0.5,0,5.333333333,76.19047619,0,0,0,0,0,0,0,0,0,0,0,0,0,0,0,16.36666667,0,16.36666667,58.45,58.5,-3
Africa,Sub-Saharan Africa,Southern Africa,Upper-middle income,20,Botswana,0,0,0,0,1,0,1,1,0,0.6,1,0,1,1,0,0,0.333333333,1,0,1,0,0,0,0.666666667,0,1,1,0,0.5,0,0,0,0,0,0,0,0,0,0,3.1,34.44444444,0,0,1,1,0,1,1,1,0,0,0.5,1,1,1,0,0,0,-1,0.333333333,1,1,1,0,1,0,0,0,1,1,0.4,1,0,1,1,1,0,-1,0.333333333,3.566666667,59.44444444,0,1,0,0,0.25,0,0,1,1,1,1,0,0,0.5,1.75,43.75,0,0,0,0,1,1,1,0,1,0.666666667,1,0,1,0,0,0,0,0,0,0,0,0,0,0,0,0,2.666666667,38.0952381,0,0,0,0,0,0,0,0,0,0,0,0,0,0,0,11.08333333,0,11.08333333,39.58,39.6,-2
Americas,Latin America and the Caribbean,South America,Upper-middle income,21,Brazil,1,1,0,0.666666667,1,1,1,1,1,1,1,0,1,1,0,0,0.333333333,1,0,0,0,-1,0,0,1,1,0,0,0.5,1,1,1,0,0,0,0,0,0,0,4.5,50,1,1,1,1,1,1,1,1,0,0,0.8,0,0,1,0,0,0,0,0.166666667,0,0,0,-1,-0.333333333,1,1,1,1,1,1,0,0,0,1,1,1,-1,0.666666667,2.3,38.33333333,1,1,1,1,1,1,1,1,1,1,1,0,1,1,4,100,1,0,1,0.666666667,1,1,1,0,1,0.666666667,1,0,1,0,1,0.5,1,1,0,-1,0.5,1,1,0,1,0,5.333333333,76.19047619,0,1,0,0,0,0.2,1,0,1,0,0,0,0.333333333,0.533333333,26.66666667,16.66666667,0,16.66666667,59.52,59.5,-4
Asia and the Pacific,South-Eastern Asia and the Pacific,South-Eastern Asia,High income,22,Brunei Darussalam,1,0,0,0.333333333,1,1,0,0,0,0.4,1,0,1,1,1,0,0.666666667,1,-1,0,0,-1,0,-0.333333333,0,1,0,0,0.25,0,0,0,0,0,0,0,0,0,0,2.316666667,25.74074074,0,0,0,0,0,1,1,1,0,0,0.3,1,1,1,0,1,0,-1,0.5,0,0,0,-1,-0.333333333,1,0,0,1,1,0.6,1,0,1,0,0,0,-1,-0.333333333,1.733333333,28.88888889,0,0,0,0,0,0,0,1,0,0.5,0,-1,0,-0.5,0,0,0,0,0,0,1,1,1,1,1,1,1,0,1,0,0,0,1,0,-1,0,0,1,0,0,0.5,0,3.5,50,0,0,0,0,0,0,0,0,0,0,0,0,0,0,0,7.55,0,7.55,26.96,27.0,-7
Europe and Central Asia,Eastern Europe,Eastern Europe,Upper-middle income,23,Bulgaria,0,0,0,0,1,1,1,1,0,0.8,1,0,1,1,1,1,1,1,-1,1,0,-1,0,0,0,1,1,0,0.5,0,1,0.5,1,1,1,1,1,1,1,5.8,64.44444444,1,1,1,1,0,1,1,1,0,0,0.7,1,0,0,0,1,1,0,0.5,0,1,0,-1,0,1,0,0,1,1,0.6,1,-1,0,1,1,1,-1,0.666666667,2.466666667,41.11111111,1,1,1,0,0.75,0,0,1,1,1,1,0,1,1,2.75,68.75,1,0,0,0.333333333,1,1,1,0,0,0.333333333,1,0,1,1,0,0.5,1,1,0,0,1,1,1,0,1,0,5.166666667,73.80952381,0,1,0,0,0,0.2,1,0,0,0,0,0,0.166666667,0.366666667,18.33333333,16.55,0,16.55,59.11,59.1,-5
Africa,Sub-Saharan Africa,Western Africa,Low income,24,Burkina Faso,0,0,0,0,1,0,1,1,0,0.6,1,0,1,1,1,0,0.666666667,1,0,0,1,-1,0,0.333333333,0,1,1,1,0.75,0,0,0,1,0,0,0.333333333,0,0,0,3.683333333,40.92592593,0,0,1,1,0,1,1,1,1,0,0.6,1,0,1,1,1,1,-1,0.666666667,0,0,0,0,0,0,1,1,0,0,0.4,0,0,0,1,0,0,-1,0,1.666666667,27.77777778,1,0,0,0,0.25,0,0,1,0,0.5,1,0,0,0.5,1.25,31.25,0,0,0,0,1,1,0,0,0,0,1,-1,1,0,1,0.5,0,1,0,0,0.5,1,1,0,1,0,4,57.14285714,0,0,0,0,0,0,0,0,0,0,0,0,0,0,0,10.6,-1,9.6,34.29,34.3,-4
Africa,Sub-Saharan Africa,Eastern Africa,Low income,25,Burundi,1,0,0,0.333333333,0,0,0,0,0,0,1,0,1,1,0,0,0.333333333,1,0,0,0,0,0,0.333333333,0,0,0,0,0,0,0,0,0,0,0,0,0,0,0,2,22.22222222,0,0,1,1,0,1,1,1,0,0,0.5,1,0,1,0,0,0,-1,0.166666667,1,0,0,-1,0,0,0,0,0,0,0,1,-1,0,0,0,0,0,0,0.666666667,11.11111111,0,0,0,0,0,0,0,1,1,1,0,0,0,0,1,25,1,0,0,0.333333333,0,0,0,0,0,0,1,-1,1,0,0,0,0,1,0,0,0.5,0,0,0,0,-1,1.833333333,26.19047619,0,0,0,0,0,0,0,0,0,0,0,0,0,0,0,5.5,-2,3.5,12.50,12.5,-5
Asia and the Pacific,South-Eastern Asia and the Pacific,South-Eastern Asia,Low income,26,Cambodia,0,0,0,0,1,1,1,1,0,0.8,1,0,1,0,1,0,0.333333333,1,0,0,1,-1,0,0.333333333,0,0,0,0,0,1,0,0.5,1,1,1,1,0,0,0,3.966666667,44.07407407,0,1,1,1,0,1,1,1,0,0,0.6,1,0,1,0,1,0,0,0.5,0,0,0,0,0,0,0,0,0,1,0.2,1,0,1,1,1,0,-1,0.333333333,2.633333333,43.88888889,1,1,0,1,0.75,0,0,1,1,1,0,-1,1,0,1.75,43.75,0,0,0,0,1,1,1,0,1,0.666666667,1,-1,1,0,0,0,1,0,0,-1,0,1,1,0,1,0,3.666666667,52.38095238,0,0,0,0,0,0,0,0,0,0,0,0,0,0,0,12.01666667,-1,11.01666667,39.35,39.4,-5
Africa,Sub-Saharan Africa,Central Africa,Lower-middle income,27,Cameroon,1,0,0,0.333333333,1,0,0,0,0,0.2,1,0,1,0,1,0,0.333333333,1,0,0,1,-1,0,0.333333333,1,0,1,1,0.75,1,0,0.5,0,0,0,0,1,0,0.5,3.95,43.88888889,1,1,1,1,0,1,1,0,0,0,0.6,1,1,1,0,0,0,0,0.5,0,0,0,0,0,0,0,0,1,0,0.2,1,0,1,0,0,0,-1,-0.333333333,1.966666667,32.77777778,1,1,0,0,0.5,0,0,1,1,1,1,0,0,0.5,2,50,0,0,0,0,1,1,0,0,0,0,1,-1,1,0,0,0,0,1,0,0,0.5,1,1,0,1,0,3.5,50,0,0,0,0,0,0,0,0,0,0,0,0,0,0,0,11.41666667,-1,10.41666667,37.20,37.2,-3
Americas,Northern America,Northern America,High income,28,Canada,1,1,0,0.666666667,1,1,1,1,1,1,1,0,1,1,1,1,1,1,0,1,1,-1,0,0.666666667,0,1,1,0,0.5,0,0,0,1,0,0,0.333333333,0,0,0,5.166666667,57.40740741,1,1,1,1,0,1,1,1,0,0,0.7,1,0,0,0,1,1,0,0.5,1,0,1,0,0.666666667,1,1,1,1,1,1,1,0,1,1,1,1,0,1,4.866666667,81.11111111,1,0,0,0,0.25,0,0,1,1,1,0,0,1,0.5,1.75,43.75,1,0,0,0.333333333,1,1,1,1,1,1,1,0,1,1,1,1,0,1,-1,-1,-0.5,1,1,0,1,0,4.833333333,69.04761905,0,0,0,0,0,0,0,0,0,0,0,0,0,0,0,16.61666667,0,16.61666667,59.35,59.4,-3
Africa,Sub-Saharan Africa,Western Africa,Lower-middle income,29,Cape Verde,0,0,0,0,1,0,0,0,0,0.2,1,0,1,0,0,0,0,1,0,1,0,0,-1,0.333333333,0,1,1,0,0.5,0,0,0,0,0,0,0,0,0,0,2.033333333,22.59259259,0,0,1,1,0,1,1,1,1,0,0.6,0,1,0,0,0,0,0,0.166666667,0,0,0,0,0,0,0,0,0,1,0.2,0,0,0,0,0,0,0,0,0.966666667,16.11111111,0,1,0,0,0.25,0,0,1,1,1,0,0,0,0,1.25,31.25,0,0,0,0,1,1,0,0,1,0.333333333,1,0,1,0,0,0,0,0,-1,0,-0.5,0,0,0,0,0,1.833333333,26.19047619,0,0,0,0,0,0,0,0,0,0,0,0,0,0,0,6.083333333,0,6.083333333,21.73,21.7,-2
Africa,Sub-Saharan Africa,Central Africa,Low income,30,Central African Republic,0,0,0,0,1,1,0,1,1,0.8,1,0,1,0,0,0,0,1,0,1,1,-1,0,0.666666667,1,0,1,0,0.5,0,0,0,0,0,0,0,0,0,0,2.966666667,32.96296296,0,1,1,1,0,1,0,1,0,0,0.5,1,0,0,0,0,0,-1,0,0,0,0,-1,-0.333333333,0,0,0,1,0,0.2,1,0,1,1,0,0,0,0.333333333,1.7,28.33333333,0,0,0,0,0,0,0,1,0,0.5,0,0,0,0,0.5,12.5,0,0,0,0,1,1,0,0,0,0,1,-1,1,0,0,0,0,1,0,0,0.5,0,0,0,0,0,2.5,35.71428571,0,0,0,0,0,0,0,0,0,0,0,0,0,0,0,7.666666667,-1,6.666666667,23.81,23.8,-4
Africa,Sub-Saharan Africa,Central Africa,Low income,31,Chad,0,0,0,0,0,0,0,0,0,0,1,-1,0,0,0,0,0,1,0,1,0,-1,0,0.333333333,0,0,1,1,0.5,0,0,0,0,0,0,0,0,0,0,0.833333333,9.259259259,0,0,1,1,0,1,1,1,0,0,0.5,0,1,1,0,1,0,0,0.5,0,0,0,0,0,0,0,0,0,0,0,0,0,0,0,0,0,0,0,1,16.66666667,0,1,0,0,0.25,0,0,1,1,1,0,0,0,0,1.25,31.25,1,0,0,0.333333333,1,1,0,0,0,0,1,-1,1,0,0,0,0,1,0,0,0.5,0,0,0,0,0,2.833333333,40.47619048,0,0,0,0,0,0,0,0,0,0,0,0,0,0,0,5.916666667,-1,4.916666667,17.56,17.6,-3
Americas,Latin America and the Caribbean,South America,High income,32,Chile,1,0,0,0.333333333,1,1,1,1,0,0.8,1,0,1,1,1,0,0.666666667,1,0,1,1,-1,0,0.666666667,1,1,1,1,1,1,1,1,1,1,1,1,1,1,1,7.466666667,82.96296296,1,1,1,1,1,1,1,1,1,0,0.9,1,1,0,0,1,1,0,0.666666667,1,0,0,-1,0,1,1,1,1,1,1,1,0,1,1,1,1,-1,0.666666667,4.233333333,70.55555556,1,1,0,0,0.5,0,0,1,1,1,1,-1,0,0,1.5,37.5,1,0,0,0.333333333,1,1,1,0,1,0.666666667,1,0,1,1,1,1,0,1,0,0,0.5,1,0,0,0.5,0,5,71.42857143,0,0,0,0,0,0,0,0,0,0,0,0,0,0,0,18.2,0,18.2,65.00,65.0,-4
Asia and the Pacific,Eastern Asia,Eastern Asia,Upper-middle income,33,China,1,1,0,0.666666667,1,1,1,1,0,0.8,1,0,1,1,1,0,0.666666667,1,0,1,1,-1,0,0.666666667,1,0,0,1,0.5,0,0,0,0,0,0,0,0,0,0,4.3,47.77777778,0,1,1,0,0,1,1,1,0,0,0.5,0,0,1,0,0,1,-1,0.166666667,0,1,0,-1,0,1,1,0,1,0,0.6,1,0,1,1,0,0,0,0.333333333,2.6,43.33333333,0,1,0,0,0.25,0,0,1,1,1,0,-1,1,0,1.25,31.25,0,0,0,0,1,1,0,0,1,0.333333333,1,-1,1,0,0,0,0,1,-1,0,0,1,1,0,1,-1,3.333333333,47.61904762,0,0,0,0,1,0.2,0,0,1,0,0,0,0.166666667,0.366666667,18.33333333,11.85,-2,9.85,35.18,35.2,-7
Americas,Latin America and the Caribbean,South America,Upper-middle income,34,Colombia,1,0,0,0.333333333,1,1,1,1,0,0.8,1,0,1,1,0,0,0.333333333,1,0,0,0,-1,0,0,0,0,1,0,0.25,0,0,0,1,1,0,0.666666667,1,1,1,4.383333333,48.7037037,0,0,1,1,1,1,1,1,1,0,0.7,0,0,0,1,1,0,0,0.333333333,1,0,0,0,0.333333333,1,1,1,1,1,1,0,0,0,1,1,1,0,1,3.366666667,56.11111111,1,1,0,0,0.5,0,0,1,1,1,1,0,1,1,2.5,62.5,1,0,0,0.333333333,1,1,1,0,1,0.666666667,1,0,1,1,1,1,0,1,0,0,0.5,1,1,0,1,-1,5.5,78.57142857,0,0,0,0,0,0,0,0,0,0,0,0,0,0,0,15.75,-1,14.75,52.68,52.7,-2
Africa,Sub-Saharan Africa,Central Africa,Lower-middle income,35,Congo,0,0,0,0,0,0,0,0,0,0,1,-1,0,0,0,0,0,0,0,0,0,0,0,0,0,0,0,0,0,0,0,0,0,0,0,0,0,0,0,0,0,0,1,1,1,0,1,1,1,1,0,0.7,0,0,0,1,0,0,-1,0,0,0,0,0,0,0,0,0,1,0,0.2,0,0,0,0,0,0,-1,-0.333333333,0.566666667,9.444444444,0,1,0,0,0.25,0,0,1,1,1,1,0,1,1,2.25,56.25,0,0,0,0,1,1,0,0,1,0.333333333,1,-1,1,1,0,0.5,0,1,0,0,0.5,0,0,-1,-0.5,0,2.833333333,40.47619048,0,0,0,0,0,0,0,0,0,0,0,0,0,0,0,5.65,-1,4.65,16.61,16.6,-5
Africa,Sub-Saharan Africa,Central Africa,Low income,36,"Congo, Democratic Republic of the",0,0,0,0,0,0,0,0,0,0,1,-1,0,0,0,0,0,0,0,0,0,0,0,0,0,0,0,1,0.25,0,0,0,0,0,0,0,0,0,0,0.25,2.777777778,0,1,1,1,0,1,1,1,0,0,0.6,0,0,1,1,1,0,0,0.5,1,0,0,-1,0,0,0,0,0,0,0,0,0,0,0,0,0,0,0,1.1,18.33333333,1,1,0,0,0.5,0,0,1,1,1,1,0,0,0.5,2,50,0,0,0,0,0,0,0,0,0,0,1,-1,1,0,1,0.5,0,1,-1,0,0,0,1,0,0.5,0,2,28.57142857,0,0,0,0,0,0,0,0,0,0,0,0,0,0,0,5.35,-1,4.35,15.54,15.5,-4
Americas,Latin America and the Caribbean,Central America,Upper-middle income,37,Costa Rica,1,1,0,0.666666667,1,1,1,1,1,1,1,0,1,0,1,0,0.333333333,1,0,1,1,-1,0,0.666666667,1,1,1,0,0.75,0,0,0,1,0,0,0.333333333,0,0,0,4.75,52.77777778,0,0,1,1,1,1,1,1,0,0,0.6,0,0,1,0,1,0,0,0.333333333,0,0,0,0,0,1,0,0,1,0,0.4,1,0,1,1,1,1,0,1,3.333333333,55.55555556,1,1,0,0,0.5,0,0,1,1,1,1,0,0,0.5,2,50,0,0,0,0,1,1,1,0,1,0.666666667,1,0,1,1,0,0.5,0,1,0,0,0.5,1,0,0,0.5,0,4.166666667,59.52380952,0,0,0,0,0,0,0,0,0,0,0,0,0,0,0,14.25,0,14.25,50.89,50.9,-1
Africa,Sub-Saharan Africa,Western Africa,Lower-middle income,38,Côte d'Ivoire,0,0,0,0,1,1,0,1,0,0.6,1,0,1,1,1,0,0.666666667,1,0,0,0,0,0,0.333333333,0,1,1,0,0.5,0,0,0,0,0,0,0,0,0,0,3.1,34.44444444,0,1,1,1,0,1,1,1,0,0,0.6,1,0,1,0,0,0,0,0.333333333,0,0,0,0,0,0,0,1,1,1,0.6,1,-1,0,0,0,0,0,0,1.533333333,25.55555556,1,0,0,0,0.25,0,0,1,1,1,1,0,0,0.5,1.75,43.75,1,1,0,0.666666667,1,1,0,0,0,0,1,0,1,0,1,0.5,1,1,0,0,1,0,1,0,0.5,0,4.666666667,66.66666667,0,0,0,0,0,0,0,1,0,0,0,0,0.166666667,0.166666667,8.333333333,11.21666667,0,11.21666667,40.06,40.1,-1
Europe and Central Asia,"Northern, Southern and Western Europe",Southern Europe,High income,39,Croatia,1,1,0,0.666666667,1,0,1,0,1,0.6,1,0,1,1,1,1,1,1,0,1,1,0,0,1,1,1,1,1,1,1,0,0.5,1,0,1,0.666666667,1,1,1,7.433333333,82.59259259,1,1,1,1,0,1,1,1,0,0,0.7,1,1,0,1,0,1,0,0.666666667,1,0,1,0,0.666666667,1,1,1,1,1,1,1,0,1,1,1,1,-1,0.666666667,4.7,78.33333333,1,0,0,0,0.25,0,0,1,1,1,1,0,1,1,2.25,56.25,1,0,1,0.666666667,1,1,0,0,0,0,1,0,1,1,0,0.5,0,1,0,0,0.5,1,1,0,1,0,4.666666667,66.66666667,0,1,0,0,0,0.2,1,0,0,0,0,0,0.166666667,0.366666667,18.33333333,19.41666667,0,19.41666667,69.35,69.3,-1
Americas,Latin America and the Caribbean,Caribbean,Upper-middle income,40,Cuba,0,0,0,0,1,0,0,1,0,0.4,1,-1,0,1,1,0,0.666666667,1,0,1,1,-1,-1,0.333333333,1,0,1,0,0.5,0,0,0,0,0,0,0,0,0,0,1.9,21.11111111,1,1,1,1,0,1,1,1,0,0,0.7,0,0,0,0,0,0,0,0,0,0,0,-1,-0.333333333,0,0,0,1,1,0.4,0,0,0,0,1,0,0,0.333333333,1.1,18.33333333,0,1,1,0,0.5,0,0,1,1,1,0,0,0,0,1.5,37.5,0,0,0,0,1,1,1,0,1,0.666666667,1,-1,1,1,1,1,0,0,0,-1,-0.5,0,0,0,0,0,3.166666667,45.23809524,0,0,0,0,0,0,0,0,0,0,0,0,0,0,0,7.666666667,-1,6.666666667,23.81,23.8,-6
Europe and Central Asia,Central and Western Asia,Western Asia,High income,41,Cyprus,0,0,0,0,1,1,1,1,0,0.8,1,0,1,1,1,0,0.666666667,1,0,1,1,0,0,1,1,1,1,1,1,1,0,0.5,1,0,1,0.666666667,1,1,1,6.633333333,73.7037037,1,1,1,1,0,1,1,1,0,1,0.8,1,0,1,0,1,0,0,0.5,1,1,1,0,1,1,0,0,1,0,0.4,1,0,1,1,1,1,-1,0.666666667,4.366666667,72.77777778,1,1,1,0,0.75,0,0,1,1,1,1,-1,1,0.5,2.25,56.25,1,0,1,0.666666667,1,1,1,0,1,0.666666667,1,0,1,1,0,0.5,1,0,0,0,0.5,1,0,0,0.5,0,4.833333333,69.04761905,0,1,0,0,0,0.2,1,0,0,0,0,0,0.166666667,0.366666667,18.33333333,18.45,0,18.45,65.89,65.9,-2
Europe and Central Asia,Eastern Europe,Eastern Europe,High income,42,Czech Republic,1,0,0,0.333333333,1,1,1,0,0,0.6,1,0,1,1,1,1,1,1,0,1,1,0,0,1,1,1,0,1,0.75,0,0,0,0,0,0,0,1,0,0.5,5.183333333,57.59259259,1,1,1,1,0,1,1,1,0,1,0.8,1,0,0,0,0,0,0,0.166666667,1,0,0,0,0.333333333,1,1,1,1,0,0.8,1,-1,0,1,1,1,-1,0.666666667,2.766666667,46.11111111,1,1,1,0,0.75,1,1,1,1,1,1,0,1,1,3.75,93.75,0,0,0,0,1,1,1,0,1,0.666666667,1,0,1,1,0,0.5,0,1,0,0,0.5,1,1,0,1,0,4.666666667,66.66666667,1,1,0,0,0,0.4,1,0,0,0,0,0,0.166666667,0.566666667,28.33333333,16.93333333,0,16.93333333,60.48,60.5,-2
Europe and Central Asia,"Northern, Southern and Western Europe",Northern Europe,High income,43,Denmark,1,0,0,0.333333333,1,1,0,0,1,0.6,1,0,1,1,1,0,0.666666667,1,0,1,1,0,0,1,1,0,1,1,0.75,1,0,0.5,0,0,0,0,1,1,1,5.85,65,1,1,1,1,0,1,1,1,0,1,0.8,1,0,0,0,1,1,0,0.5,1,1,0,0,0.666666667,1,1,1,1,1,1,1,0,1,1,0,0,0,0.333333333,4.3,71.66666667,0,1,0,1,0.5,0,0,1,1,1,1,-1,1,0.5,2,50,1,0,1,0.666666667,1,1,0,1,1,0.666666667,1,0,1,1,0,0.5,0,0,0,0,0,1,0,0,0.5,0,4.333333333,61.9047619,1,1,0,0,0,0.4,1,0,0,0,0,0,0.166666667,0.566666667,28.33333333,17.05,0,17.05,60.89,60.9,-1
Africa,Sub-Saharan Africa,Eastern Africa,Lower-middle income,44,Djibouti,0,0,0,0,1,0,0,0,1,0.4,1,0,1,1,1,0,0.666666667,1,0,1,1,-1,0,0.666666667,0,1,0,1,0.5,0,0,0,1,0,0,0.333333333,1,0,0.5,4.066666667,45.18518519,0,1,1,1,0,1,1,1,0,0,0.6,1,0,1,0,0,0,-1,0.166666667,0,0,1,0,0.333333333,0,1,1,1,1,0.8,1,0,1,0,1,0,0,0.333333333,3.233333333,53.88888889,1,1,0,0,0.5,0,0,1,1,1,1,0,0,0.5,2,50,0,0,0,0,1,1,0,0,0,0,1,0,1,0,1,0.5,0,0,0,0,0,1,0,0,0.5,0,3,42.85714286,0,0,0,0,0,0,0,0,0,0,0,0,0,0,0,12.3,0,12.3,43.93,43.9,-2
Americas,Latin America and the Caribbean,Caribbean,Upper-middle income,45,Dominica,0,0,0,0,0,0,0,0,0,0,0,0,0,0,0,0,0,0,0,0,0,0,0,0,0,0,0,0,0,0,0,0,0,0,0,0,0,0,0,0,0,1,1,1,1,0,1,1,1,0,0,0.7,0,1,1,0,1,0,-1,0.333333333,0,0,0,0,0,0,1,0,0,1,0.4,0,0,0,0,0,0,0,0,1.433333333,23.88888889,0,0,0,0,0,0,0,1,0,0.5,0,0,1,0.5,1,25,0,0,0,0,0,0,0,0,1,0.333333333,1,0,1,0,0,0,0,0,0,0,0,0,0,0,0,0,1.333333333,19.04761905,0,0,0,0,0,0,0,0,0,0,0,0,0,0,0,3.766666667,0,3.766666667,13.45,13.5,-1
Americas,Latin America and the Caribbean,Caribbean,Upper-middle income,46,Dominican Republic,1,0,0,0.333333333,1,1,1,1,0,0.8,1,0,1,1,0,0,0.333333333,1,0,0,1,-1,0,0.333333333,0,1,1,1,0.75,0,0,0,0,0,0,0,0,0,0,3.55,39.44444444,0,1,1,1,1,1,1,1,0,0,0.7,1,0,0,0,1,0,0,0.333333333,1,0,1,0,0.666666667,1,1,1,1,1,1,1,0,1,1,1,1,0,1,4.7,78.33333333,1,1,0,0,0.5,0,0,1,0,0.5,1,-1,1,0.5,1.5,37.5,1,0,0,0.333333333,1,1,1,0,1,0.666666667,1,0,1,0,0,0,0,1,-1,0,0,1,1,0,1,0,4,57.14285714,0,0,0,0,0,0,0,0,0,0,0,0,0,0,0,13.75,0,13.75,49.11,49.1,-3
Americas,Latin America and the Caribbean,South America,Upper-middle income,47,Ecuador,1,0,0,0.333333333,1,1,1,1,1,1,1,0,1,1,1,0,0.666666667,1,0,1,1,-1,0,0.666666667,0,1,1,0,0.5,0,0,0,1,1,0,0.666666667,1,1,1,5.833333333,64.81481481,1,1,1,1,1,1,1,1,1,0,0.9,0,1,1,0,0,0,0,0.333333333,1,1,1,0,1,1,0,1,0,1,0.6,1,-1,0,0,1,0,0,0.333333333,3.166666667,52.77777778,0,1,0,0,0.25,0,0,1,1,1,0,0,1,0.5,1.75,43.75,0,0,0,0,1,1,1,0,1,0.666666667,1,-1,1,0,0,0,0,1,0,0,0.5,1,1,0,1,0,4.166666667,59.52380952,0,0,0,0,0,0,0,0,0,0,0,0,0,0,0,14.91666667,-1,13.91666667,49.70,49.7,-3
Africa,Northern Africa,Northern Africa,Lower-middle income,48,Egypt,1,0,0,0.333333333,1,1,1,1,0,0.8,1,0,1,1,1,1,1,1,0,0,1,-1,0,0.333333333,0,0,1,0,0.25,0,0,0,0,0,0,0,0,0,0,3.716666667,41.2962963,1,1,1,1,0,1,1,1,1,0,0.8,1,0,0,0,0,0,0,0.166666667,1,1,0,-1,0.333333333,0,0,0,0,1,0.2,1,0,1,1,1,1,-1,0.666666667,3.166666667,52.77777778,1,1,0,0,0.5,0,0,1,1,1,0,-1,0,-0.5,1,25,1,0,0,0.333333333,1,1,0,0,1,0.333333333,1,0,1,1,0,0.5,0,0,-1,0,-0.5,1,0,0,0.5,-1,3.166666667,45.23809524,0,0,0,0,0,0,0,0,0,0,0,0,0,0,0,11.05,-1,10.05,35.89,35.9,-6
Americas,Latin America and the Caribbean,Central America,Lower-middle income,49,El Salvador,1,0,0,0.333333333,1,1,1,1,1,1,1,0,1,1,1,1,1,1,0,0,1,-1,0,0.333333333,0,1,1,0,0.5,0,0,0,0,0,0,0,0,0,0,4.166666667,46.2962963,0,0,1,1,0,1,1,1,1,0,0.6,1,0,1,0,1,0,-1,0.333333333,0,1,0,-1,0,1,0,0,1,1,0.6,1,-1,0,1,1,1,-1,0.666666667,2.2,36.66666667,1,1,0,0,0.5,0,0,1,1,1,0,0,0,0,1.5,37.5,1,1,0,0.666666667,1,1,1,0,1,0.666666667,1,-1,1,1,0,0.5,0,0,0,0,0,1,0,0,0.5,0,4.333333333,61.9047619,0,0,0,0,0,0,0,0,0,0,0,0,0,0,0,12.2,-1,11.2,40.00,40.0,-6
Africa,Sub-Saharan Africa,Central Africa,High income,50,Equatorial Guinea,0,0,0,0,0,0,0,0,0,0,1,-1,0,1,1,0,0.666666667,1,0,0,0,-1,0,0,0,0,0,0,0,0,0,0,0,0,0,0,0,0,0,0.666666667,7.407407407,0,0,1,1,0,1,0,1,0,0,0.4,1,0,0,0,0,0,0,0.166666667,0,0,0,-1,-0.333333333,0,0,0,0,0,0,0,0,0,0,0,0,0,0,0.233333333,3.888888889,0,1,0,0,0.25,0,0,1,0,0.5,0,0,0,0,0.75,18.75,0,0,0,0,1,1,0,0,0,0,1,-1,1,0,0,0,0,0,0,0,0,0,0,0,0,0,2,28.57142857,0,0,0,0,0,0,0,0,0,0,0,0,0,0,0,3.65,-1,2.65,9.46,9.5,-4
Africa,Sub-Saharan Africa,Eastern Africa,Low income,51,Eritrea,0,0,0,0,0,0,0,0,0,0,0,0,0,0,0,0,0,0,0,0,0,0,0,0,0,0,0,0,0,0,0,0,0,0,0,0,0,0,0,0,0,0,0,1,1,0,0,1,1,0,0,0.4,0,1,0,0,0,0,-1,0,0,0,0,-1,-0.333333333,0,0,0,0,0,0,0,0,0,0,0,0,-1,-0.333333333,-0.266666667,-4.444444444,0,0,0,0,0,0,0,1,0,0.5,0,-1,0,-0.5,0,0,0,0,0,0,1,1,0,0,0,0,0,-1,0,0,0,0,0,1,0,0,0.5,0,0,-1,-0.5,-1,1,14.28571429,0,0,0,0,0,0,0,0,0,0,0,0,0,0,0,0.733333333,-2,-1.266666667,-4.52,-4.5,-7
Europe and Central Asia,"Northern, Southern and Western Europe",Northern Europe,High income,52,Estonia,0,0,0,0,1,1,1,0,1,0.8,1,0,1,1,1,0,0.666666667,1,0,0,1,-1,0,0.333333333,0,1,1,0,0.5,1,0,0.5,0,0,0,0,0,0,0,3.8,42.22222222,1,0,1,1,0,1,1,1,0,1,0.7,1,0,0,1,1,1,0,0.666666667,1,0,1,0,0.666666667,1,0,1,1,1,0.8,0,0,0,1,1,0,0,0.666666667,3.5,58.33333333,1,0,0,0,0.25,0,0,1,1,1,1,0,1,1,2.25,56.25,1,0,1,0.666666667,1,1,1,0,1,0.666666667,1,0,1,1,1,1,1,1,0,0,1,1,1,0,1,0,6.333333333,90.47619048,0,1,0,0,0,0.2,1,0,0,0,0,0,0.166666667,0.366666667,18.33333333,16.25,0,16.25,58.04,58.0,-1
Africa,Sub-Saharan Africa,Eastern Africa,Low income,53,Ethiopia,0,0,0,0,0,0,0,0,0,0,1,0,1,1,1,0,0.666666667,1,0,0,0,-1,0,0,1,1,1,1,1,0,0,0,0,0,0,0,0,0,0,2.666666667,29.62962963,1,1,1,1,0,1,1,1,0,0,0.7,1,1,1,1,0,0,-1,0.5,0,1,1,0,0.666666667,0,0,0,1,0,0.2,1,0,1,1,1,1,0,1,4.066666667,67.77777778,0,1,0,0,0.25,0,0,1,1,1,1,0,1,1,2.25,56.25,1,0,0,0.333333333,1,1,0,0,0,0,1,0,1,0,1,0.5,1,0,0,0,0.5,1,1,0,1,0,4.333333333,61.9047619,0,0,0,0,0,0,0,0,0,0,0,0,0,0,0,13.31666667,0,13.31666667,47.56,47.6,-2
Asia and the Pacific,South-Eastern Asia and the Pacific,Pacific Islands,Upper-middle income,54,Fiji,1,0,0,0.333333333,1,1,1,1,1,1,1,-1,0,1,0,0,0.333333333,1,0,1,1,0,0,1,0,0,1,0,0.25,0,0,0,0,0,0,0,0,0,0,2.916666667,32.40740741,1,1,0,1,0,1,0,0,0,0,0.4,0,1,1,0,1,0,0,0.5,0,0,0,0,0,1,1,1,1,1,1,1,-1,0,0,0,0,0,0,1.9,31.66666667,0,0,0,0,0,0,0,1,0,0.5,0,-1,0,-0.5,0,0,0,0,0,0,1,1,0,0,0,0,1,0,1,0,0,0,0,1,0,0,0.5,1,0,0,0.5,0,3,42.85714286,0,0,0,0,0,0,0,0,0,0,0,0,0,0,0,7.816666667,0,7.816666667,27.92,27.9,-3
Europe and Central Asia,"Northern, Southern and Western Europe",Northern Europe,High income,55,Finland,0,0,0,0,1,1,1,1,1,1,1,0,1,1,1,0,0.666666667,1,0,1,1,-1,0,0.666666667,1,1,1,0,0.75,1,0,0.5,1,0,0,0.333333333,0,0,0,4.916666667,54.62962963,1,1,1,1,1,1,1,1,0,1,0.9,1,0,0,1,1,0,0,0.5,1,0,1,0,0.666666667,1,1,1,1,1,1,0,0,0,0,1,0,0,0.333333333,3.4,56.66666667,1,1,0,1,0.75,1,1,1,1,1,0,0,1,0.5,3.25,81.25,1,1,0,0.666666667,1,1,0,0,1,0.333333333,1,0,1,1,1,1,1,0,0,0,0.5,1,0,0,0.5,0,5,71.42857143,0,1,0,0,0,0.2,1,0,0,0,0,0,0.166666667,0.366666667,18.33333333,16.93333333,0,16.93333333,60.48,60.5,-1
Europe and Central Asia,"Northern, Southern and Western Europe",Western Europe,High income,56,France,0,0,0,0,1,1,0,0,0,0.4,1,0,1,1,1,1,1,1,0,1,1,-1,0,0.666666667,1,1,0,0,0.5,1,1,1,0,0,0,0,0,0,0,4.566666667,50.74074074,1,1,1,1,0,1,1,1,0,1,0.8,1,1,1,1,1,0,0,0.833333333,1,0,1,-1,0.333333333,1,1,1,1,1,1,1,0,1,1,1,1,0,1,4.966666667,82.77777778,0,1,1,0,0.5,1,1,1,1,1,1,0,1,1,3.5,87.5,1,0,1,0.666666667,1,1,1,1,1,1,1,0,1,1,0,0.5,0,1,0,0,0.5,0,1,0,0.5,0,5.166666667,73.80952381,0,1,0,0,0,0.2,1,0,0,0,0,0,0.166666667,0.366666667,18.33333333,18.56666667,0,18.56666667,66.31,66.3,-2
Africa,Sub-Saharan Africa,Central Africa,Upper-middle income,57,Gabon,0,0,0,0,0,0,0,0,0,0,1,0,1,1,1,0,0.666666667,1,-1,1,1,-1,-1,0,1,1,1,0,0.75,1,0,0.5,0,0,0,0,0,0,0,2.916666667,32.40740741,0,0,1,1,0,1,1,1,0,0,0.5,0,0,1,0,0,0,-1,0,0,0,0,0,0,0,0,0,1,0,0.2,0,0,0,0,0,0,0,0,0.7,11.66666667,1,0,0,0,0.25,0,0,1,1,1,1,0,0,0.5,1.75,43.75,0,0,0,0,0,0,0,0,1,0.333333333,1,-1,1,0,1,0.5,0,1,0,0,0.5,0,0,-1,-0.5,0,1.833333333,26.19047619,0,0,0,0,0,0,0,0,0,0,0,0,0,0,0,7.2,-1,6.2,22.14,22.1,-6
Africa,Sub-Saharan Africa,Western Africa,Low income,58,Gambia,0,0,0,0,1,1,0,1,1,0.8,1,0,1,1,1,0,0.666666667,1,-1,1,0,0,0,0.333333333,0,0,1,1,0.5,0,0,0,0,0,0,0,0,0,0,3.3,36.66666667,0,0,1,1,0,1,0,1,0,0,0.4,1,1,1,0,1,0,-1,0.5,0,1,0,0,0.333333333,1,1,1,1,1,1,1,0,1,0,1,0,0,0.333333333,3.566666667,59.44444444,1,1,0,0,0.5,0,0,1,1,1,0,0,0,0,1.5,37.5,0,0,0,0,1,1,0,0,0,0,1,0,1,0,1,0.5,0,0,0,0,0,1,1,0,1,0,3.5,50,0,0,0,0,0,0,0,0,0,0,0,0,0,0,0,11.86666667,0,11.86666667,42.38,42.4,-2
Europe and Central Asia,Central and Western Asia,Western Asia,Lower-middle income,59,Georgia,1,1,0,0.666666667,1,1,1,1,1,1,1,0,1,1,1,0,0.666666667,1,0,1,1,0,0,1,1,1,1,1,1,1,1,1,1,0,0,0.333333333,1,1,1,7.666666667,85.18518519,0,0,1,1,0,1,1,1,0,0,0.5,1,0,0,0,0,1,-1,0.166666667,1,1,1,0,1,1,1,1,1,1,1,1,-1,0,1,1,1,0,1,3.666666667,61.11111111,1,1,0,0,0.5,0,0,1,1,1,1,0,0,0.5,2,50,1,0,0,0.333333333,1,1,0,0,1,0.333333333,1,0,1,1,1,1,0,1,0,0,0.5,1,1,0,1,0,5.166666667,73.80952381,0,0,0,0,0,0,0,0,0,0,0,0,0,0,0,18.5,0,18.5,66.07,66.1,-2
Europe and Central Asia,"Northern, Southern and Western Europe",Western Europe,High income,60,Germany,1,1,1,1,1,0,1,1,1,0.8,1,0,1,1,1,0,0.666666667,1,0,1,1,-1,0,0.666666667,1,1,0,1,0.75,1,1,1,0,0,0,0,0,0,0,5.883333333,65.37037037,1,1,1,1,1,1,1,1,0,0,0.8,1,0,1,0,0,1,0,0.5,1,1,0,0,0.666666667,1,1,1,1,1,1,1,0,1,1,1,0,-1,0.333333333,4.3,71.66666667,0,0,0,0,0,0,0,1,1,1,1,0,1,1,2,50,1,0,0,0.333333333,1,1,0,0,1,0.333333333,1,0,1,1,1,1,1,0,0,-1,0,0,1,0,0.5,0,4.166666667,59.52380952,1,1,0,0,0,0.4,1,1,0,0,0,0,0.333333333,0.733333333,36.66666667,17.08333333,0,17.08333333,61.01,61.0,-3
Africa,Sub-Saharan Africa,Western Africa,Lower-middle income,61,Ghana,0,0,0,0,1,1,1,0,0,0.6,1,0,1,1,1,0,0.666666667,1,0,0,1,-1,0,0.333333333,0,1,0,1,0.5,1,0,0.5,1,0,1,0.666666667,0,0,0,4.266666667,47.40740741,0,1,1,1,0,1,1,0,1,0,0.6,1,1,1,0,0,1,-1,0.5,0,0,0,0,0,1,0,0,1,0,0.4,1,0,1,1,1,0,0,0.666666667,3.166666667,52.77777778,0,1,0,1,0.5,0,0,1,1,1,1,0,0,0.5,2,50,0,1,0,0.333333333,1,1,0,0,0,0,1,0,1,0,1,0.5,0,0,0,0,0,0,0,0,0,0,2.833333333,40.47619048,0,0,0,0,0,0,0,1,0,0,0,0,0.166666667,0.166666667,8.333333333,12.43333333,0,12.43333333,44.40,44.4,-2
Europe and Central Asia,"Northern, Southern and Western Europe",Southern Europe,High income,62,Greece,1,1,1,1,1,1,1,1,1,1,1,0,1,1,1,1,1,1,0,0,1,-1,0,0.333333333,1,1,1,1,1,1,0,0.5,1,0,0,0.333333333,1,0,0.5,6.666666667,74.07407407,1,1,1,1,0,1,1,1,0,0,0.7,1,0,0,0,1,0,0,0.333333333,1,0,0,0,0.333333333,1,0,0,1,1,0.6,1,0,1,1,1,1,0,1,3.966666667,66.11111111,1,0,0,0,0.25,0,0,1,1,1,1,-1,1,0.5,1.75,43.75,0,0,0,0,1,1,1,0,1,0.666666667,1,0,1,1,0,0.5,0,0,-1,0,-0.5,1,0,0,0.5,0,3.166666667,45.23809524,0,1,0,0,0,0.2,1,0,0,0,0,0,0.166666667,0.366666667,18.33333333,15.91666667,0,15.91666667,56.85,56.9,-3
Americas,Latin America and the Caribbean,Caribbean,Upper-middle income,63,Grenada,0,0,0,0,0,0,0,0,0,0,0,0,0,0,0,0,0,0,0,0,0,0,0,0,0,1,0,0,0.25,0,0,0,0,0,0,0,0,0,0,0.25,2.777777778,0,0,1,1,0,1,1,1,0,0,0.5,1,0,0,0,0,1,-1,0.166666667,0,0,0,0,0,0,0,0,1,0,0.2,0,0,0,0,0,0,0,0,0.866666667,14.44444444,0,0,0,0,0,0,0,1,0,0.5,0,-1,1,0,0.5,12.5,0,0,0,0,0,0,0,0,1,0.333333333,1,0,1,0,0,0,0,1,0,0,0.5,0,0,0,0,0,1.833333333,26.19047619,0,0,0,0,0,0,0,0,0,0,0,0,0,0,0,3.45,0,3.45,12.32,12.3,-2
Americas,Latin America and the Caribbean,Central America,Lower-middle income,64,Guatemala,1,1,0,0.666666667,1,1,1,1,0,0.8,1,0,1,1,1,0,0.666666667,1,-1,1,1,-1,0,0.333333333,1,1,1,0,0.75,1,0,0.5,0,0,0,0,0,0,0,4.716666667,52.40740741,1,1,1,1,0,1,1,1,1,0,0.8,0,0,0,0,1,0,0,0.166666667,1,0,1,-1,0.333333333,0,1,0,1,0,0.4,1,0,1,1,1,1,0,1,3.7,61.66666667,1,1,0,0,0.5,0,0,1,1,1,1,0,0,0.5,2,50,0,0,0,0,1,1,1,0,0,0.333333333,1,-1,1,1,1,1,0,1,0,0,0.5,1,1,0,1,0,4.833333333,69.04761905,0,0,0,0,0,0,0,0,0,0,0,0,0,0,0,15.25,-1,14.25,50.89,50.9,-4
Africa,Sub-Saharan Africa,Western Africa,Low income,65,Guinea,0,0,0,0,1,0,0,1,0,0.4,0,0,0,1,0,0,0.333333333,1,0,1,1,-1,0,0.666666667,0,1,1,0,0.5,0,0,0,0,0,0,0,0,0,0,1.9,21.11111111,1,1,1,1,1,1,1,1,1,0,0.9,0,0,0,1,1,0,-1,0.166666667,0,0,0,0,0,0,0,0,0,0,0,1,-1,0,0,0,0,0,0,1.066666667,17.77777778,1,1,0,0,0.5,0,0,1,1,1,0,0,0,0,1.5,37.5,0,0,0,0,1,1,0,0,0,0,1,-1,1,0,1,0.5,0,1,0,0,0.5,0,1,0,0.5,0,3.5,50,0,0,0,0,0,0,0,0,0,0,0,0,0,0,0,7.966666667,-1,6.966666667,24.88,24.9,-4
Africa,Sub-Saharan Africa,Western Africa,Low income,66,Guinea-Bissau,1,0,0,0.333333333,1,1,0,0,0,0.4,0,0,0,1,0,0,0.333333333,1,0,0,0,-1,0,0,0,0,0,0,0,0,0,0,0,0,0,0,0,0,0,1.066666667,11.85185185,0,0,1,1,0,1,1,1,0,0,0.5,0,1,0,0,0,0,0,0.166666667,1,1,0,0,0.666666667,1,0,1,0,0,0.4,0,0,0,0,0,0,0,0,1.733333333,28.88888889,1,1,0,0,0.5,0,0,1,0,0.5,1,0,0,0.5,1.5,37.5,0,0,0,0,1,1,0,0,0,0,1,-1,1,0,1,0.5,0,0,0,0,0,0,0,0,0,0,2.5,35.71428571,0,0,0,0,0,0,0,0,0,0,0,0,0,0,0,6.8,-1,5.8,20.71,20.7,-2
Americas,Latin America and the Caribbean,South America,Lower-middle income,67,Guyana,1,0,0,0.333333333,1,1,0,1,1,0.8,1,0,1,1,1,1,1,1,0,1,1,-1,0,0.666666667,1,1,0,1,0.75,0,0,0,0,0,0,0,0,0,0,4.55,50.55555556,0,0,1,1,1,1,1,1,1,0,0.7,1,0,0,0,0,0,0,0.166666667,1,1,0,-1,0.333333333,1,1,1,1,0,0.8,1,-1,0,0,1,0,0,0.333333333,2.333333333,38.88888889,1,1,0,1,0.75,0,0,1,1,1,1,-1,0,0,1.75,43.75,1,0,0,0.333333333,1,1,1,0,1,0.666666667,1,0,1,0,0,0,1,1,0,0,1,0,0,0,0,0,4,57.14285714,0,0,0,0,0,0,0,0,0,0,0,0,0,0,0,12.63333333,0,12.63333333,45.12,45.1,-4
Americas,Latin America and the Caribbean,Caribbean,Low income,68,Haiti,1,0,0,0.333333333,1,1,1,1,1,1,1,0,1,1,1,0,0.666666667,1,0,1,1,-1,0,0.666666667,0,1,1,1,0.75,1,0,0.5,0,0,0,0,0,0,0,4.916666667,54.62962963,0,1,1,1,0,1,0,1,0,0,0.5,1,0,1,0,0,0,0,0.333333333,1,1,0,0,0.666666667,0,0,1,1,0,0.4,0,0,0,1,1,0,0,0.666666667,2.566666667,42.77777778,0,0,0,0,0,0,0,1,0,0.5,0,0,0,0,0.5,12.5,0,1,0,0.333333333,1,1,0,0,0,0,1,-1,1,0,1,0.5,0,1,-1,0,0,0,0,0,0,0,2.833333333,40.47619048,0,0,0,0,0,0,0,0,0,0,0,0,0,0,0,10.81666667,-1,9.816666667,35.06,35.1,-3
Americas,Latin America and the Caribbean,Central America,Lower-middle income,69,Honduras,1,0,0,0.333333333,1,1,1,1,0,0.8,1,0,1,1,0,0,0.333333333,1,0,1,1,-1,0,0.666666667,1,1,1,0,0.75,0,0,0,0,0,0,0,0,0,0,3.883333333,43.14814815,0,0,1,1,0,1,1,1,1,0,0.6,0,0,0,0,0,0,0,0,1,1,0,-1,0.333333333,0,1,0,1,0,0.4,0,0,0,1,0,0,-1,0,1.333333333,22.22222222,1,1,0,0,0.5,0,0,1,0,0.5,1,0,0,0.5,1.5,37.5,0,0,0,0,1,1,1,0,1,0.666666667,1,0,1,0,1,0.5,1,0,0,0,0.5,1,1,0,1,0,4.666666667,66.66666667,0,0,0,0,0,0,0,0,0,0,0,0,0,0,0,11.38333333,0,11.38333333,40.65,40.7,-3
Asia and the Pacific,Eastern Asia,Eastern Asia,High income,70,"Hong Kong, China",0,0,0,0,1,1,0,1,1,0.8,1,0,1,1,0,0,0.333333333,1,0,1,0,-1,-1,0,0,0,0,0,0,0,0,0,1,1,1,1,0,0,0,3.133333333,34.81481481,0,1,0,0,0,0,1,0,0,0,0.2,0,0,0,0,0,0,0,0,1,0,0,-1,0,0,0,0,0,0,0,0,0,0,0,1,0,-1,0,0.2,3.333333333,0,1,0,1,0.5,0,0,1,0,0.5,0,-1,0,-0.5,0.5,12.5,0,0,0,0,1,1,0,0,1,0.333333333,1,0,1,1,0,0.5,0,0,-1,-1,-1,0,0,0,0,0,1.833333333,26.19047619,0,0,0,0,0,0,0,0,0,0,0,0,0,0,0,5.666666667,0,5.666666667,20.24,20.2,-7
Europe and Central Asia,Eastern Europe,Eastern Europe,High income,71,Hungary,1,0,0,0.333333333,1,1,1,1,1,1,1,0,1,1,1,0,0.666666667,1,0,1,0,-1,0,0.333333333,1,1,0,0,0.5,1,0,0.5,0,0,0,0,1,1,1,5.333333333,59.25925926,1,1,1,1,0,1,1,1,0,0,0.7,1,0,1,1,1,0,0,0.666666667,1,0,0,-1,0,1,0,0,1,1,0.6,1,-1,0,1,1,1,0,1,2.966666667,49.44444444,1,0,0,0,0.25,0,0,1,1,1,1,0,1,1,2.25,56.25,1,0,1,0.666666667,1,1,0,0,1,0.333333333,1,0,1,1,0,0.5,0,1,0,0,0.5,1,1,0,1,0,5,71.42857143,0,1,0,0,0,0.2,1,0,0,0,0,0,0.166666667,0.366666667,18.33333333,15.91666667,0,15.91666667,56.85,56.9,-3
Europe and Central Asia,"Northern, Southern and Western Europe",Northern Europe,High income,72,Iceland,0,0,0,0,1,1,1,1,0,0.8,1,0,1,1,1,0,0.666666667,1,0,1,1,-1,0,0.666666667,0,1,0,0,0.25,1,0,0.5,1,1,0,0.666666667,0,0,0,4.55,50.55555556,0,1,1,1,0,1,1,1,0,1,0.7,1,0,1,0,1,0,-1,0.333333333,0,0,1,0,0.333333333,1,1,1,1,1,1,1,0,1,0,0,0,0,0,3.366666667,56.11111111,1,1,0,1,0.75,0,0,1,0,0.5,0,0,1,0.5,1.75,43.75,0,0,0,0,0,0,0,1,1,0.666666667,1,0,1,1,1,1,0,0,0,0,0,1,1,0,1,0,3.666666667,52.38095238,0,0,0,0,0,0,1,0,0,0,0,0,0.166666667,0.166666667,8.333333333,13.5,0,13.5,48.21,48.2,-2
Asia and the Pacific,Southern Asia,Southern Asia,Lower-middle income,73,India,1,0,0,0.333333333,1,1,1,1,1,1,1,0,1,1,1,1,1,1,-1,1,0,-1,0,0,1,0,0,0,0.25,0,0,0,1,0,0,0.333333333,0,0,0,3.916666667,43.51851852,1,1,1,1,0,0,1,1,0,0,0.6,1,1,1,0,1,0,-1,0.5,0,0,0,-1,-0.333333333,1,1,1,1,1,1,1,0,1,1,1,1,0,1,3.766666667,62.77777778,0,0,0,0,0,0,0,1,1,1,1,0,1,1,2,50,0,0,1,0.333333333,1,1,1,0,0,0.333333333,1,0,1,0,0,0,0,0,0,0,0,0,1,0,0.5,0,3.166666667,45.23809524,0,0,0,0,0,0,0,0,0,0,0,0,0,0,0,12.85,0,12.85,45.89,45.9,-4
Asia and the Pacific,South-Eastern Asia and the Pacific,South-Eastern Asia,Lower-middle income,74,Indonesia,1,0,0,0.333333333,1,1,1,1,0,0.8,1,0,1,1,0,0,0.333333333,1,-1,1,1,0,0,0.666666667,1,0,1,0,0.5,1,0,0.5,1,0,0,0.333333333,0,0,0,4.466666667,49.62962963,0,0,1,1,0,1,1,1,1,0,0.6,1,0,0,0,0,0,0,0.166666667,1,1,0,0,0.666666667,1,1,1,1,1,1,1,-1,0,1,1,0,0,0.666666667,3.1,51.66666667,1,1,0,0,0.5,0,0,1,1,1,1,0,1,1,2.5,62.5,1,0,0,0.333333333,1,1,0,0,1,0.333333333,1,-1,1,0,0,0,0,1,0,0,0.5,1,1,0,1,0,4.166666667,59.52380952,0,0,0,0,0,0,0,1,0,0,0,0,0.166666667,0.166666667,8.333333333,14.4,-1,13.4,47.86,47.9,-3
Asia and the Pacific,Southern Asia,Southern Asia,Upper-middle income,75,"Iran, Islamic Republic of",0,0,0,0,0,0,0,0,0,0,0,0,0,0,0,0,0,1,0,1,0,0,0,0.666666667,0,0,0,0,0,0,0,0,0,0,0,0,0,0,0,0.666666667,7.407407407,0,1,0,1,0,1,0,1,0,0,0.4,1,1,1,0,0,0,0,0.5,0,0,0,-1,-0.333333333,0,0,0,0,0,0,0,0,0,0,0,0,0,0,0.566666667,9.444444444,0,0,0,0,0,0,0,1,0,0.5,0,-1,0,-0.5,0,0,0,0,0,0,0,0,0,0,1,0.333333333,0,-1,0,1,0,0.5,0,1,-1,0,0,0,0,0,0,0,0.833333333,11.9047619,0,0,0,0,0,0,0,0,0,0,0,0,0,0,0,2.066666667,-1,1.066666667,3.81,3.8,-4
Arab States,Arab States,Arab States,Upper-middle income,76,Iraq,1,0,0,0.333333333,1,0,0,1,0,0.4,1,0,1,1,0,0,0.333333333,1,-1,0,1,-1,-1,-0.333333333,1,0,1,0,0.5,1,1,1,0,0,0,0,0,0,0,3.233333333,35.92592593,1,1,1,1,0,1,1,1,0,0,0.7,0,0,1,0,0,0,-1,0,0,0,0,-1,-0.333333333,0,0,0,0,0,0,1,0,1,1,1,0,0,0.666666667,2.033333333,33.88888889,0,0,0,0,0,0,0,1,0,0.5,0,-1,0,-0.5,0,0,1,0,0,0.333333333,0,0,1,0,0,0.333333333,1,-1,1,0,0,0,0,1,-1,0,0,1,0,0,0.5,0,2.166666667,30.95238095,0,0,0,0,0,0,0,0,0,0,0,0,0,0,0,7.433333333,-1,6.433333333,22.98,23.0,-8
Europe and Central Asia,"Northern, Southern and Western Europe",Northern Europe,High income,77,Ireland,1,0,0,0.333333333,1,1,1,0,0,0.6,1,0,1,1,1,1,1,1,0,1,0,0,0,0.666666667,1,1,1,1,1,1,1,1,0,0,0,0,1,1,1,6.6,73.33333333,1,1,1,1,1,1,1,0,0,0,0.7,1,1,0,0,1,1,0,0.666666667,1,0,0,-1,0,1,1,1,1,1,1,1,0,1,0,1,0,0,0.333333333,3.7,61.66666667,1,1,1,0,0.75,0,0,1,1,1,1,0,1,1,2.75,68.75,1,1,0,0.666666667,1,1,1,0,1,0.666666667,1,0,1,1,1,1,0,1,0,-1,0,1,0,0,0.5,0,4.833333333,69.04761905,0,1,0,0,0,0.2,1,0,0,0,0,0,0.166666667,0.366666667,18.33333333,18.25,0,18.25,65.18,65.2,-2
Europe and Central Asia,Central and Western Asia,Western Asia,High income,78,Israel,1,0,0,0.333333333,1,0,0,1,1,0.6,1,0,1,1,1,0,0.666666667,1,-1,1,1,-1,0,0.333333333,1,1,1,0,0.75,1,0,0.5,1,1,0,0.666666667,0,0,0,4.85,53.88888889,1,1,1,1,0,1,1,1,0,0,0.7,0,1,1,0,0,0,0,0.333333333,0,0,1,-1,0,1,1,1,1,1,1,0,0,0,1,1,1,-1,0.666666667,2.7,45,1,0,0,0,0.25,0,0,1,1,1,1,-1,1,0.5,1.75,43.75,1,0,0,0.333333333,1,1,1,1,1,1,1,0,1,1,0,0.5,0,0,-1,0,-0.5,1,1,0,1,0,4.333333333,61.9047619,0,0,0,0,0,0,0,0,0,0,0,0,0,0,0,13.63333333,0,13.63333333,48.69,48.7,-6
Europe and Central Asia,"Northern, Southern and Western Europe",Southern Europe,High income,79,Italy,1,0,0,0.333333333,1,1,1,1,1,1,1,0,1,1,1,0,0.666666667,1,0,1,1,-1,0,0.666666667,1,1,1,0,0.75,0,0,0,1,1,1,1,1,0,0.5,5.916666667,65.74074074,1,1,1,1,1,1,1,1,0,0,0.8,1,1,1,0,1,0,0,0.666666667,1,0,1,0,0.666666667,1,0,0,1,1,0.6,1,0,1,1,1,1,0,1,4.733333333,78.88888889,1,1,0,0,0.5,0,0,1,1,1,1,-1,1,0.5,2,50,1,0,0,0.333333333,1,1,1,1,1,1,1,0,1,1,0,0.5,1,0,0,0,0.5,1,1,0,1,0,5.333333333,76.19047619,0,1,0,0,0,0.2,1,1,0,0,0,0,0.333333333,0.533333333,26.66666667,18.51666667,0,18.51666667,66.13,66.1,-2
Americas,Latin America and the Caribbean,Caribbean,Upper-middle income,80,Jamaica,1,0,1,0.666666667,1,1,1,1,1,1,1,0,1,1,0,0,0.333333333,1,0,1,1,0,0,1,1,1,1,0,0.75,0,0,0,0,0,0,0,0,0,0,4.75,52.77777778,1,1,1,1,1,1,1,1,1,1,1,1,0,0,0,0,0,-1,0,1,1,1,0,1,1,0,1,1,1,0.8,1,0,1,1,1,0,0,0.666666667,4.466666667,74.44444444,0,1,1,0,0.5,1,1,1,1,1,1,0,1,1,3.5,87.5,1,0,1,0.666666667,1,1,0,0,1,0.333333333,1,-1,1,1,0,0.5,0,0,0,0,0,1,1,0,1,0,4.5,64.28571429,0,0,0,0,0,0,0,0,0,0,0,0,0,0,0,17.21666667,-1,16.21666667,57.92,57.9,-2
Asia and the Pacific,Eastern Asia,Eastern Asia,High income,81,Japan,1,1,0,0.666666667,1,1,1,1,1,1,1,0,1,1,0,1,0.666666667,1,-1,1,1,0,0,0.666666667,0,1,0,0,0.25,0,0,0,0,0,0,0,0,0,0,4.25,47.22222222,0,0,1,0,0,1,1,1,0,0,0.4,0,0,1,0,1,0,-1,0.166666667,0,0,0,-1,-0.333333333,1,1,0,0,1,0.6,1,0,1,1,1,1,-1,0.666666667,2.5,41.66666667,0,1,1,0,0.5,0,0,1,1,1,1,-1,0,0,1.5,37.5,0,0,0,0,1,1,0,1,1,0.666666667,1,0,1,1,0,0.5,0,0,-1,-1,-1,1,0,0,0.5,0,2.666666667,38.0952381,0,0,0,0,0,0,0,0,0,0,0,0,0,0,0,10.91666667,0,10.91666667,38.99,39.0,-7
Arab States,Arab States,Arab States,Upper-middle income,82,Jordan,0,0,0,0,1,1,1,1,0,0.8,1,0,1,1,0,0,0.333333333,1,-1,1,1,0,0,0.666666667,0,0,0,0,0,1,0,0.5,1,0,0,0.333333333,1,1,1,4.633333333,51.48148148,1,1,1,1,0,1,1,1,0,0,0.7,1,1,0,0,0,0,-1,0.166666667,0,0,0,-1,-0.333333333,0,0,0,0,0,0,1,0,1,1,0,0,-1,0,1.533333333,25.55555556,1,0,0,0,0.25,0,0,1,0,0.5,1,-1,1,0.5,1.25,31.25,0,0,0,0,1,1,1,0,1,0.666666667,1,0,1,1,0,0.5,1,0,-1,-1,-0.5,0,0,0,0,0,2.666666667,38.0952381,0,0,0,0,0,0,0,0,0,0,0,0,0,0,0,10.08333333,0,10.08333333,36.01,36.0,-7
Europe and Central Asia,Central and Western Asia,Central Asia,Upper-middle income,83,Kazakhstan,1,0,0,0.333333333,1,1,0,0,1,0.6,1,0,1,1,1,0,0.666666667,1,0,1,1,-1,0,0.666666667,0,1,0,0,0.25,1,0,0.5,0,0,0,0,1,0,0.5,4.516666667,50.18518519,1,1,1,1,0,1,1,1,0,0,0.7,0,0,1,0,0,0,-1,0,1,0,0,0,0.333333333,1,0,1,0,0,0.4,1,-1,0,1,1,0,0,0.666666667,2.1,35,1,1,0,0,0.5,0,0,1,1,1,0,-1,1,0,1.5,37.5,0,0,0,0,1,1,0,0,1,0.333333333,1,-1,1,1,1,1,0,0,-1,-1,-1,0,0,0,0,0,2.333333333,33.33333333,0,0,0,0,0,0,0,0,0,0,0,0,0,0,0,10.45,-1,9.45,33.75,33.8,-7
Africa,Sub-Saharan Africa,Eastern Africa,Lower-middle income,84,Kenya,0,0,0,0,1,1,1,1,0,0.8,1,0,1,1,1,0,0.666666667,1,0,1,1,-1,0,0.666666667,0,1,1,1,0.75,0,0,0,0,0,0,0,1,1,1,4.883333333,54.25925926,0,0,1,1,0,1,1,0,0,0,0.4,1,0,1,0,1,0,-1,0.333333333,1,1,0,-1,0.333333333,1,0,0,1,1,0.6,0,0,0,1,1,0,-1,0.333333333,2,33.33333333,1,1,0,0,0.5,0,0,1,1,1,1,0,0,0.5,2,50,0,1,0,0.333333333,0,0,0,0,0,0,1,-1,1,0,0,0,1,1,0,0,1,1,1,0,1,0,3.333333333,47.61904762,0,0,0,0,0,0,0,0,0,0,0,0,0,0,0,12.21666667,-1,11.21666667,40.06,40.1,-5
Asia and the Pacific,South-Eastern Asia and the Pacific,Pacific Islands,Lower-middle income,85,Kiribati,0,0,0,0,1,0,0,1,0,0.4,0,0,0,0,0,0,0,0,0,0,0,0,0,0,0,0,0,0,0,0,0,0,0,0,0,0,0,0,0,0.4,4.444444444,0,0,1,1,0,1,1,1,0,0,0.5,0,0,1,1,1,1,-1,0.5,0,0,0,0,0,0,0,0,0,0,0,0,0,0,0,0,0,0,0,1,16.66666667,0,0,0,0,0,0,0,1,0,0.5,0,0,1,0.5,1,25,0,0,0,0,1,1,0,0,0,0,1,0,1,0,0,0,0,1,0,0,0.5,0,0,0,0,0,2.5,35.71428571,0,0,0,0,0,0,0,0,0,0,0,0,0,0,0,4.9,0,4.9,17.50,17.5,-1
Asia and the Pacific,Eastern Asia,Eastern Asia,Low income,86,"Korea, Democratic People's Republic of",0,0,0,0,0,0,0,0,0,0,0,0,0,0,0,0,0,0,0,0,0,0,0,0,0,0,0,0,0,0,0,0,0,0,0,0,0,0,0,0,0,0,0,0,0,0,0,0,1,0,0,0.1,0,0,0,0,0,0,-1,-0.166666667,0,0,0,-1,-0.333333333,0,0,0,0,0,0,0,0,0,0,0,0,0,0,-0.4,-6.666666667,0,0,0,0,0,0,0,0,0,0,0,0,0,0,0,0,0,0,0,0,0,0,0,0,1,0.333333333,0,-1,0,1,0,0.5,0,0,-1,0,-0.5,0,0,0,0,-1,0.333333333,4.761904762,0,0,0,0,0,0,0,0,0,0,0,0,0,0,0,-0.066666667,-2,-2.066666667,-7.38,-7.4,-5
Asia and the Pacific,Eastern Asia,Eastern Asia,High income,87,"Korea, Republic of",0,0,0,0,1,0,0,0,1,0.4,1,0,1,0,1,0,0.333333333,1,0,1,1,0,0,1,1,1,0,0,0.5,0,0,0,0,0,0,0,0,0,0,3.233333333,35.92592593,0,0,1,0,0,1,1,1,0,0,0.4,1,0,1,0,1,0,-1,0.333333333,0,0,0,-1,-0.333333333,0,1,1,1,0,0.6,0,0,0,1,1,1,-1,0.666666667,1.666666667,27.77777778,0,0,0,0,0,0,0,1,1,1,0,-1,1,0,1,25,1,1,0,0.666666667,0,0,1,1,1,1,1,0,1,0,1,0.5,0,0,-1,-1,-1,1,0,0,0.5,0,2.666666667,38.0952381,0,0,0,0,0,0,0,0,0,0,0,0,0,0,0,8.566666667,0,8.566666667,30.60,30.6,-6
Europe and Central Asia,"Northern, Southern and Western Europe",Southern Europe,Lower-middle income,88,Kosovo,1,0,0,0.333333333,1,1,1,1,0,0.8,1,0,1,0,1,0,0.333333333,1,-1,1,1,0,0,0.666666667,1,1,1,1,1,1,0,0.5,1,1,1,1,1,1,1,6.633333333,73.7037037,0,0,0,0,0,0,0,0,0,0,0,1,1,1,0,0,1,0,0.666666667,1,0,0,0,0.333333333,1,1,1,1,1,1,1,0,1,1,1,0,-1,0.333333333,3.333333333,66.66666667,1,1,0,0,0.5,0,0,0,1,0.5,1,0,0,0.5,1.5,37.5,0,0,0,0,1,1,1,0,1,0.666666667,1,0,1,0,0,0,0,0,0,0,0,1,1,0,1,0,3.666666667,52.38095238,0,0,0,0,0,0,0,0,0,0,0,0,0,0,0,15.13333333,0,15.13333333,56.05,56.1,-2
Arab States,Arab States,Arab States,High income,89,Kuwait,0,0,1,0.333333333,1,1,1,1,1,1,1,0,1,0,0,0,0,1,0,1,1,-1,0,0.666666667,1,0,0,0,0.25,0,0,0,0,0,0,0,0,0,0,3.25,36.11111111,1,1,1,1,0,1,1,1,0,0,0.7,1,1,0,0,0,0,-1,0.166666667,0,0,0,-1,-0.333333333,1,0,0,0,0,0.2,1,0,1,1,1,1,0,1,2.733333333,45.55555556,0,0,0,0,0,0,0,1,0,0.5,1,-1,1,0.5,1,25,0,0,0,0,1,1,0,0,1,0.333333333,1,-1,1,0,0,0,1,1,-1,-1,0,1,0,0,0.5,0,2.833333333,40.47619048,0,0,0,0,0,0,0,0,0,0,0,0,0,0,0,9.816666667,-1,8.816666667,31.49,31.5,-7
Europe and Central Asia,Central and Western Asia,Central Asia,Lower-middle income,90,Kyrgyzstan,0,0,0,0,1,1,1,1,0,0.8,1,0,1,0,1,0,0.333333333,1,0,1,0,0,0,0.666666667,1,0,0,1,0.5,0,0,0,0,0,0,0,0,0,0,3.3,36.66666667,1,1,1,1,0,1,1,1,1,0,0.8,1,0,1,0,0,1,-1,0.333333333,1,1,0,-1,0.333333333,1,0,1,0,1,0.6,1,-1,0,1,1,0,0,0.666666667,2.733333333,45.55555556,1,0,0,0,0.25,0,0,1,1,1,1,0,1,1,2.25,56.25,0,0,0,0,1,1,0,0,1,0.333333333,1,-1,1,1,1,1,0,1,0,0,0.5,1,1,0,1,0,4.833333333,69.04761905,0,0,0,0,0,0,0,0,0,0,0,0,0,0,0,13.11666667,-1,12.11666667,43.27,43.3,-4
Asia and the Pacific,South-Eastern Asia and the Pacific,South-Eastern Asia,Lower-middle income,91,Lao People's Democratic Republic,0,0,0,0,1,1,1,1,0,0.8,1,0,1,1,1,0,0.666666667,1,0,1,1,0,0,1,1,0,1,1,0.75,1,0,0.5,1,0,0,0.333333333,0,0,0,5.05,56.11111111,0,1,1,0,0,1,1,1,0,0,0.5,1,0,1,0,0,0,0,0.333333333,1,0,0,-1,0,1,0,0,0,1,0.4,1,-1,0,1,1,0,-1,0.333333333,1.566666667,26.11111111,1,1,0,1,0.75,0,0,1,1,1,1,-1,0,0,1.75,43.75,1,0,0,0.333333333,1,1,0,0,1,0.333333333,1,-1,1,0,0,0,1,0,0,-1,0,0,1,0,0.5,0,3.166666667,45.23809524,0,0,0,0,0,0,0,0,0,0,0,0,0,0,0,11.53333333,-1,10.53333333,37.62,37.6,-6
Europe and Central Asia,"Northern, Southern and Western Europe",Northern Europe,High income,92,Latvia,1,0,0,0.333333333,1,1,0,0,0,0.4,1,0,1,1,1,0,0.666666667,1,0,1,1,0,0,1,1,1,0,0,0.5,1,0,0.5,1,0,0,0.333333333,0,0,0,4.733333333,52.59259259,0,1,1,1,0,1,1,1,0,1,0.7,1,0,0,0,0,0,0,0.166666667,1,1,0,0,0.666666667,1,1,0,1,0,0.6,1,0,1,1,1,1,-1,0.666666667,3.8,63.33333333,1,1,1,1,1,1,1,1,1,1,1,0,1,1,4,100,1,0,0,0.333333333,1,1,1,0,1,0.666666667,1,0,1,1,1,1,0,1,0,-1,0,1,1,0,1,0,5,71.42857143,0,1,0,0,0,0.2,1,0,0,0,0,0,0.166666667,0.366666667,18.33333333,17.9,0,17.9,63.93,63.9,-2
Arab States,Arab States,Arab States,Upper-middle income,93,Lebanon,1,0,0,0.333333333,1,1,0,1,1,0.8,1,0,1,1,1,1,1,1,-1,0,0,-1,0,-0.333333333,1,0,0,0,0.25,0,0,0,0,0,0,0,0,0,0,3.05,33.88888889,0,0,1,1,0,1,0,1,0,0,0.4,1,0,0,0,0,0,0,0.166666667,1,1,0,-1,0.333333333,1,0,0,0,0,0.2,1,0,1,1,0,0,0,0.333333333,2.433333333,40.55555556,1,0,0,0,0.25,0,0,0,0,0,1,-1,1,0.5,0.75,18.75,0,0,0,0,1,1,0,0,1,0.333333333,1,0,1,1,0,0.5,0,0,-1,-1,-1,0,0,0,0,0,1.833333333,26.19047619,0,0,0,0,0,0,0,0,0,0,0,0,0,0,0,8.066666667,0,8.066666667,28.81,28.8,-6
Africa,Sub-Saharan Africa,Southern Africa,Lower-middle income,94,Lesotho,1,0,0,0.333333333,1,1,1,1,0,0.8,1,0,1,1,0,0,0.333333333,1,0,1,1,0,0,1,0,1,1,0,0.5,0,0,0,0,0,0,0,0,0,0,3.966666667,44.07407407,1,1,1,1,0,1,1,1,1,0,0.8,0,0,1,0,1,0,-1,0.166666667,0,0,1,0,0.333333333,1,1,0,1,1,0.8,1,0,1,1,0,0,0,0.333333333,3.433333333,57.22222222,1,0,0,0,0.25,0,0,1,1,1,1,0,0,0.5,1.75,43.75,0,0,0,0,1,1,0,0,1,0.333333333,1,0,1,0,1,0.5,0,1,0,0,0.5,0,1,0,0.5,0,3.833333333,54.76190476,0,0,0,0,0,0,0,0,0,0,0,0,0,0,0,12.98333333,0,12.98333333,46.37,46.4,-1
Africa,Sub-Saharan Africa,Western Africa,Low income,95,Liberia,0,0,0,0,1,1,1,0,0,0.6,1,0,1,0,1,0,0.333333333,1,-1,0,0,0,0,0,0,1,1,0,0.5,0,0,0,0,0,0,0,0,0,0,2.433333333,27.03703704,1,0,1,1,0,1,0,0,0,0,0.4,1,0,0,1,0,0,-1,0.166666667,0,1,0,0,0.333333333,0,0,0,1,0,0.2,1,-1,0,0,0,0,-1,-0.333333333,0.766666667,12.77777778,0,1,0,0,0.25,0,0,1,1,1,1,0,0,0.5,1.75,43.75,0,0,0,0,1,1,0,0,0,0,1,0,1,0,1,0.5,0,1,0,0,0.5,1,1,-1,0.5,0,3.5,50,0,0,0,0,0,0,0,0,0,0,0,0,0,0,0,8.45,0,8.45,30.18,30.2,-5
Africa,Northern Africa,Northern Africa,Upper-middle income,96,Libya,0,0,0,0,0,0,0,0,0,0,0,0,0,0,0,0,0,0,0,0,0,0,0,0,0,0,0,0,0,0,0,0,0,0,0,0,0,0,0,0,0,1,1,1,1,0,1,1,1,1,0,0.8,0,1,0,0,0,0,0,0.166666667,0,0,0,-1,-0.333333333,0,0,0,0,0,0,0,0,0,0,0,0,0,0,0.633333333,10.55555556,0,0,0,0,0,0,0,1,1,1,0,-1,0,-0.5,0.5,12.5,0,0,0,0,0,0,0,0,0,0,1,-1,1,0,0,0,0,0,-1,0,-0.5,0,0,0,0,-1,0.5,7.142857143,0,0,0,0,0,0,0,0,0,0,0,0,0,0,0,1.633333333,-2,-0.366666667,-1.31,-1.3,-5
Europe and Central Asia,"Northern, Southern and Western Europe",Western Europe,High income,97,Liechtenstein,0,0,0,0,0,0,0,0,0,0,0,0,0,0,0,0,0,1,0,0,1,0,0,0.666666667,1,1,0,1,0.75,0,0,0,0,0,0,0,0,0,0,1.416666667,15.74074074,0,0,1,0,0,0,1,1,0,0,0.3,1,1,0,0,1,0,0,0.5,1,0,1,0,0.666666667,0,0,0,0,0,0,0,0,0,0,0,0,0,0,1.466666667,24.44444444,0,0,0,0,0,0,0,1,1,1,0,0,0,0,1,25,0,0,0,0,1,1,0,0,1,0.333333333,1,0,1,1,1,1,0,0,0,0,0,0,0,0,0,0,3.333333333,47.61904762,0,0,0,0,0,0,0,1,0,0,0,0,0.166666667,0.166666667,8.333333333,7.383333333,0,7.383333333,26.37,26.4,0
Europe and Central Asia,"Northern, Southern and Western Europe",Northern Europe,High income,98,Lithuania,1,0,0,0.333333333,1,1,0,0,1,0.6,1,0,1,1,1,1,1,1,0,0,1,0,0,0.666666667,1,1,0,0,0.5,1,1,1,0,0,0,0,1,1,1,6.1,67.77777778,0,0,1,1,0,1,1,1,0,0,0.5,1,0,1,1,1,0,-1,0.5,1,1,0,-1,0.333333333,1,0,0,1,1,0.6,1,0,1,1,1,1,0,1,3.933333333,65.55555556,1,1,0,0,0.5,1,1,1,1,1,0,0,1,0.5,3,75,1,0,0,0.333333333,1,1,1,0,1,0.666666667,1,0,1,1,1,1,1,0,0,0,0.5,1,1,0,1,0,5.5,78.57142857,0,1,0,0,0,0.2,1,0,0,0,0,0,0.166666667,0.366666667,18.33333333,18.9,0,18.9,67.50,67.5,-2
Europe and Central Asia,"Northern, Southern and Western Europe",Western Europe,High income,99,Luxembourg,1,0,0,0.333333333,1,1,1,0,0,0.6,1,0,1,1,0,1,0.666666667,1,0,0,1,0,0,0.666666667,0,1,1,1,0.75,1,0,0.5,0,0,0,0,1,0,0.5,5.016666667,55.74074074,0,1,1,1,0,1,1,1,0,0,0.6,1,0,0,0,0,1,-1,0.166666667,0,1,0,0,0.333333333,1,0,1,0,1,0.6,0,0,0,1,1,1,-1,0.666666667,2.366666667,39.44444444,1,1,0,1,0.75,1,1,1,1,1,0,0,1,0.5,3.25,81.25,0,0,0,0,1,1,0,1,1,0.666666667,1,0,1,1,1,1,0,0,0,-1,-0.5,0,0,0,0,0,3.166666667,45.23809524,0,1,0,0,0,0.2,1,0,0,0,0,0,0.166666667,0.366666667,18.33333333,14.16666667,0,14.16666667,50.60,50.6,-3
Europe and Central Asia,"Northern, Southern and Western Europe",Southern Europe,Upper-middle income,100,"Macedonia, the former Yugoslav Republic of",0,1,0,0.333333333,1,1,1,1,1,1,1,0,1,1,1,0,0.666666667,1,-1,0,1,-1,0,0,1,1,1,1,1,1,0,0.5,1,1,1,1,1,1,1,6.5,72.22222222,1,1,1,1,0,1,1,1,0,0,0.7,1,1,0,0,1,0,0,0.5,1,0,1,0,0.666666667,1,1,1,0,1,0.8,1,-1,0,1,1,0,-1,0.333333333,3,50,1,1,1,0,0.75,1,1,1,1,1,1,0,0,0.5,3.25,81.25,1,0,1,0.666666667,1,1,1,0,1,0.666666667,1,0,1,1,0,0.5,0,0,0,0,0,1,0,0,0.5,0,4.333333333,61.9047619,0,0,0,0,0,0,0,0,0,0,0,0,0,0,0,17.08333333,0,17.08333333,61.01,61.0,-4
Africa,Sub-Saharan Africa,Eastern Africa,Low income,101,Madagascar,1,0,0,0.333333333,1,0,1,1,0,0.6,1,0,1,0,1,0,0.333333333,1,0,0,1,-1,0,0.333333333,1,1,1,0,0.75,1,0,0.5,0,0,0,0,0,0,0,3.85,42.77777778,1,1,1,1,0,1,1,1,1,0,0.8,1,1,1,0,0,1,0,0.666666667,0,1,1,0,0.666666667,0,0,0,0,0,0,1,-1,0,1,0,0,0,0.333333333,2.466666667,41.11111111,0,1,0,0,0.25,0,0,1,0,0.5,0,0,0,0,0.75,18.75,0,0,0,0,1,1,0,0,0,0,1,-1,1,0,0,0,0,1,-1,0,0,1,1,0,1,-1,3,42.85714286,0,0,0,0,0,0,0,0,0,0,0,0,0,0,0,10.06666667,-2,8.066666667,28.81,28.8,-5
Africa,Sub-Saharan Africa,Eastern Africa,Low income,102,Malawi,1,0,0,0.333333333,1,0,1,1,0,0.6,1,0,1,1,0,0,0.333333333,1,0,0,1,-1,0,0.333333333,1,0,1,0,0.5,0,0,0,0,0,0,0,0,0,0,3.1,34.44444444,1,1,1,1,0,1,1,1,0,0,0.7,1,1,1,0,0,0,-1,0.333333333,0,1,0,0,0.333333333,0,0,0,1,1,0.4,0,0,0,0,0,0,0,0,1.766666667,29.44444444,1,1,0,1,0.75,0,0,1,1,1,1,0,0,0.5,2.25,56.25,0,0,0,0,1,1,0,0,1,0.333333333,1,0,1,0,1,0.5,0,1,0,0,0.5,0,0,-1,-0.5,0,2.833333333,40.47619048,0,0,0,0,0,0,0,0,0,0,0,0,0,0,0,9.95,0,9.95,35.54,35.5,-3
Asia and the Pacific,South-Eastern Asia and the Pacific,South-Eastern Asia,Upper-middle income,103,Malaysia,0,0,0,0,1,1,0,1,1,0.8,1,0,1,1,1,0,0.666666667,1,-1,1,1,0,0,0.666666667,1,1,1,1,1,0,0,0,0,0,0,0,0,0,0,4.133333333,45.92592593,0,1,1,0,0,1,1,1,0,0,0.5,1,1,1,0,1,1,-1,0.666666667,1,0,0,-1,0,1,0,1,1,1,0.8,1,-1,0,1,1,1,-1,0.666666667,2.633333333,43.88888889,1,1,0,1,0.75,0,0,1,0,0.5,1,-1,1,0.5,1.75,43.75,0,0,0,0,1,1,1,0,1,0.666666667,1,-1,1,0,0,0,0,0,-1,0,-0.5,1,0,0,0.5,0,2.666666667,38.0952381,0,0,0,0,0,0,0,0,0,0,0,0,0,0,0,11.18333333,-1,10.18333333,36.37,36.4,-8
Africa,Sub-Saharan Africa,Western Africa,Low income,104,Mali,0,0,0,0,1,0,0,0,0,0.2,1,0,1,1,0,0,0.333333333,1,0,0,1,-1,0,0.333333333,1,0,1,1,0.75,0,0,0,0,0,0,0,0,0,0,2.616666667,29.07407407,1,1,1,1,0,1,1,1,1,1,0.9,1,0,1,0,0,0,-1,0.166666667,0,1,0,-1,0,0,1,0,0,1,0.4,0,0,0,1,1,0,-1,0.333333333,1.8,30,1,1,0,1,0.75,0,0,1,1,1,0,0,0,0,1.75,43.75,0,0,0,0,1,1,0,0,0,0,1,0,1,0,1,0.5,0,1,0,0,0.5,0,0,0,0,-1,3,42.85714286,0,0,0,0,0,0,0,0,0,0,0,0,0,0,0,9.166666667,-1,8.166666667,29.17,29.2,-5
Europe and Central Asia,"Northern, Southern and Western Europe",Southern Europe,High income,105,Malta,1,0,0,0.333333333,1,1,1,1,0,0.8,1,0,1,1,1,1,1,1,0,1,1,0,0,1,1,1,1,0,0.75,1,0,0.5,1,1,1,1,1,0,0.5,6.883333333,76.48148148,1,1,1,1,0,1,1,1,0,0,0.7,1,0,0,0,0,0,0,0.166666667,1,1,0,0,0.666666667,0,1,1,1,1,0.8,1,0,1,1,1,0,0,0.666666667,4,66.66666667,1,1,0,1,0.75,0,0,1,1,1,0,-1,1,0,1.75,43.75,1,0,0,0.333333333,1,1,1,0,1,0.666666667,1,0,1,1,0,0.5,0,0,0,0,0,1,0,0,0.5,0,4,57.14285714,1,1,0,0,0,0.4,1,0,0,0,0,0,0.166666667,0.566666667,28.33333333,17.2,0,17.2,61.43,61.4,-1
Africa,Sub-Saharan Africa,Western Africa,Lower-middle income,106,Mauritania,0,0,0,0,0,0,0,0,0,0,0,0,0,1,1,0,0.666666667,1,0,0,0,-1,0,0,0,0,1,0,0.25,0,0,0,0,0,0,0,0,0,0,0.916666667,10.18518519,1,1,1,1,0,1,0,1,1,1,0.8,1,1,1,1,0,0,-1,0.5,1,0,0,-1,0,0,0,0,0,0,0,0,0,0,1,1,0,0,0.666666667,1.966666667,32.77777778,0,0,0,0,0,0,0,1,1,1,0,-1,1,0,1,25,0,0,0,0,1,1,0,0,0,0,1,-1,1,0,0,0,0,1,0,0,0.5,0,0,0,0,0,2.5,35.71428571,0,0,0,0,0,0,0,0,0,0,0,0,0,0,0,6.383333333,-1,5.383333333,19.23,19.2,-5
Africa,Sub-Saharan Africa,Eastern Africa,Upper-middle income,107,Mauritius,0,0,0,0,1,1,1,1,1,1,1,0,1,1,1,0,0.666666667,1,0,1,1,-1,0,0.666666667,0,1,1,0,0.5,0,0,0,0,0,0,0,0,0,0,3.833333333,42.59259259,1,1,1,1,1,1,1,1,0,0,0.8,1,0,0,0,1,0,0,0.333333333,0,0,0,0,0,0,0,0,0,0,0,1,-1,0,1,1,1,0,1,2.133333333,35.55555556,0,0,0,0,0,0,0,1,0,0.5,0,0,0,0,0.5,12.5,0,0,0,0,1,1,1,0,1,0.666666667,1,0,1,1,0,0.5,0,1,-1,-1,-0.5,1,1,0,1,0,3.666666667,52.38095238,0,0,0,0,0,0,0,0,0,0,0,0,0,0,0,10.13333333,0,10.13333333,36.19,36.2,-4
Americas,Latin America and the Caribbean,Central America,Upper-middle income,108,Mexico,1,1,1,1,1,1,1,1,1,1,1,0,1,1,1,0,0.666666667,1,-1,1,1,-1,0,0.333333333,0,1,1,0,0.5,1,0,0.5,1,0,0,0.333333333,1,1,1,6.333333333,70.37037037,1,1,1,1,0,1,1,1,1,0,0.8,0,1,1,0,0,1,0,0.5,1,1,1,-1,0.666666667,1,1,1,1,1,1,1,0,1,1,1,1,-1,0.666666667,4.633333333,77.22222222,1,1,1,0,0.75,0,0,1,1,1,1,-1,1,0.5,2.25,56.25,1,1,0,0.666666667,1,1,1,0,1,0.666666667,1,-1,1,1,0,0.5,0,1,0,0,0.5,1,1,0,1,0,5.333333333,76.19047619,0,0,0,0,0,0,0,0,0,0,0,0,0,0,0,18.55,-1,17.55,62.68,62.7,-6
Europe and Central Asia,Eastern Europe,Eastern Europe,Lower-middle income,109,"Moldova, Republic of",1,1,0,0.666666667,1,1,1,0,0,0.6,1,0,1,1,1,1,1,1,0,1,1,0,0,1,0,1,1,0,0.5,0,0,0,1,1,0,0.666666667,1,0,0.5,5.933333333,65.92592593,0,0,1,1,0,1,1,1,0,0,0.5,1,1,1,0,0,0,0,0.5,1,1,0,-1,0.333333333,0,0,0,1,1,0.4,1,-1,0,1,1,1,0,1,2.733333333,45.55555556,1,1,0,0,0.5,0,0,1,1,1,1,0,1,1,2.5,62.5,1,0,0,0.333333333,1,1,0,0,1,0.333333333,1,0,1,1,1,1,0,1,0,-1,0,1,0,0,0.5,0,4.166666667,59.52380952,0,0,0,0,0,0,0,0,0,0,0,0,0,0,0,15.33333333,0,15.33333333,54.76,54.8,-3
Asia and the Pacific,Eastern Asia,Eastern Asia,Upper-middle income,110,Mongolia,0,0,0,0,1,1,1,0,0,0.6,1,0,1,1,1,0,0.666666667,1,0,0,1,-1,0,0.333333333,1,0,1,0,0.5,0,0,0,1,0,0,0.333333333,0,0,0,3.433333333,38.14814815,1,1,1,1,0,1,1,1,0,0,0.7,0,1,0,0,0,0,-1,0,1,0,0,-1,0,1,0,0,1,1,0.6,1,0,1,0,0,0,0,0,2.3,38.33333333,1,1,0,0,0.5,0,0,1,1,1,0,0,0,0,1.5,37.5,1,0,0,0.333333333,1,1,0,0,1,0.333333333,1,-1,1,1,0,0.5,0,1,0,0,0.5,1,1,0,1,-1,4.666666667,66.66666667,0,0,0,0,0,0,0,0,0,0,0,0,0,0,0,11.9,-2,9.9,35.36,35.4,-5
Europe and Central Asia,"Northern, Southern and Western Europe",Southern Europe,Upper-middle income,111,Montenegro,1,1,0,0.666666667,1,1,1,1,0,0.8,1,0,1,1,1,0,0.666666667,1,0,1,1,0,0,1,1,1,1,0,0.75,1,0,0.5,1,1,1,1,1,1,1,7.383333333,82.03703704,1,1,1,1,0,1,1,1,0,0,0.7,1,1,0,0,0,0,0,0.333333333,1,0,1,0,0.666666667,1,1,1,1,1,1,1,0,1,1,1,1,0,1,4.7,78.33333333,1,1,1,1,1,0,0,1,1,1,1,0,0,0.5,2.5,62.5,1,0,0,0.333333333,1,1,1,0,1,0.666666667,1,0,1,1,1,1,0,1,0,-1,0,0,0,0,0,0,4,57.14285714,0,0,0,0,0,0,0,0,0,0,0,0,0,0,0,18.58333333,0,18.58333333,66.37,66.4,-1
Africa,Northern Africa,Northern Africa,Lower-middle income,112,Morocco,0,0,0,0,0,0,0,0,0,0,1,-1,0,1,1,0,0.666666667,0,0,0,0,0,0,0,0,1,0,0,0.25,0,0,0,0,0,0,0,0,0,0,0.916666667,10.18518519,1,1,1,1,0,1,1,1,1,0,0.8,1,0,1,0,0,1,0,0.5,1,1,1,0,1,1,0,0,1,0,0.4,0,0,0,1,1,1,0,1,3.7,61.66666667,0,0,0,0,0,0,0,1,1,1,0,-1,1,0,1,25,1,0,0,0.333333333,1,1,1,0,0,0.333333333,1,0,1,0,1,0.5,0,1,0,0,0.5,1,1,-1,0.5,0,4.166666667,59.52380952,0,0,0,0,0,0,0,0,0,0,0,0,0,0,0,9.783333333,0,9.783333333,34.94,34.9,-3
Africa,Sub-Saharan Africa,Eastern Africa,Low income,113,Mozambique,0,0,0,0,1,1,0,0,1,0.6,1,0,1,1,1,1,1,1,0,1,1,0,0,1,1,0,1,1,0.75,1,0,0.5,0,0,0,0,0,0,0,4.85,53.88888889,0,0,1,1,0,1,1,1,1,0,0.6,1,1,0,0,0,0,0,0.333333333,1,1,0,0,0.666666667,1,1,0,1,0,0.6,1,0,1,1,1,0,0,0.666666667,3.866666667,64.44444444,1,0,0,0,0.25,0,0,1,1,1,1,0,0,0.5,1.75,43.75,0,0,0,0,1,1,0,0,0,0,1,-1,1,0,1,0.5,0,1,0,0,0.5,0,0,0,0,0,3,42.85714286,0,0,0,0,0,0,0,0,0,0,0,0,0,0,0,13.46666667,-1,12.46666667,44.52,44.5,-1
Asia and the Pacific,South-Eastern Asia and the Pacific,South-Eastern Asia,Lower-middle income,114,Myanmar,1,1,1,1,1,1,1,0,0,0.6,1,0,1,1,1,0,0.666666667,1,0,0,1,0,0,0.666666667,1,0,1,0,0.5,1,0,0.5,0,0,0,0,0,0,0,4.933333333,54.81481481,1,0,1,0,0,1,0,1,0,0,0.4,0,1,1,0,1,0,-1,0.333333333,0,0,0,-1,-0.333333333,0,0,0,0,0,0,1,-1,0,1,1,0,-1,0.333333333,0.733333333,12.22222222,1,0,0,0,0.25,0,0,1,1,1,1,0,1,1,2.25,56.25,0,0,0,0,1,1,0,0,0,0,1,-1,1,0,0,0,0,0,0,0,0,1,1,0,1,-1,3,42.85714286,0,0,0,0,0,0,0,0,0,0,0,0,0,0,0,10.91666667,-2,8.916666667,31.85,31.9,-6
Africa,Sub-Saharan Africa,Southern Africa,Upper-middle income,115,Namibia,1,0,0,0.333333333,1,1,0,1,1,0.8,1,0,1,1,1,0,0.666666667,1,0,0,1,-1,0,0.333333333,0,1,1,0,0.5,0,0,0,0,0,0,0,0,0,0,3.633333333,40.37037037,0,0,1,1,0,1,1,1,0,1,0.6,1,0,1,0,0,0,-1,0.166666667,0,1,0,0,0.333333333,1,1,1,1,1,1,0,0,0,0,1,0,0,0.333333333,2.433333333,40.55555556,0,1,0,0,0.25,0,0,1,1,1,0,-1,0,-0.5,0.75,18.75,1,0,0,0.333333333,1,1,0,0,1,0.333333333,1,0,1,0,1,0.5,0,1,0,0,0.5,1,1,0,1,0,4.666666667,66.66666667,0,0,0,0,0,0,0,0,0,0,0,0,0,0,0,11.48333333,0,11.48333333,41.01,41.0,-3
Asia and the Pacific,South-Eastern Asia and the Pacific,Pacific Islands,Lower-middle income,116,Nauru,0,0,0,0,0,0,0,0,0,0,0,0,0,0,0,0,0,0,0,0,0,0,0,0,0,0,0,0,0,0,0,0,0,0,0,0,0,0,0,0,0,0,0,1,0,0,0,0,0,0,0,0.1,1,1,0,1,0,0,0,0.5,0,0,0,0,0,0,0,0,0,0,0,0,0,0,0,0,0,0,0,0.6,10,0,0,0,0,0,0,0,1,0,0.5,0,0,0,0,0.5,12.5,0,0,0,0,0,0,0,0,1,0.333333333,1,0,1,0,0,0,0,0,0,0,0,0,0,0,0,0,1.333333333,19.04761905,0,0,0,0,0,0,0,0,0,0,0,0,0,0,0,2.433333333,0,2.433333333,8.69,8.7,0
Asia and the Pacific,Southern Asia,Southern Asia,Low income,117,Nepal,0,0,0,0,1,1,1,1,0,0.8,1,0,1,1,0,0,0.333333333,1,0,1,1,-1,0,0.666666667,0,0,0,1,0.25,0,0,0,0,0,0,0,0,0,0,3.05,33.88888889,1,1,0,1,0,1,1,1,0,0,0.6,0,1,0,0,0,1,-1,0.166666667,0,0,0,0,0,1,0,0,1,0,0.4,1,0,1,1,1,1,0,1,3.166666667,52.77777778,1,1,1,0,0.75,1,1,1,0,0.5,1,0,1,1,3.25,81.25,1,0,0,0.333333333,1,1,0,0,0,0,1,-1,1,0,0,0,0,1,0,0,0.5,1,1,0,1,0,3.833333333,54.76190476,0,0,0,0,0,0,0,0,0,0,0,0,0,0,0,13.3,-1,12.3,43.93,43.9,-3
Europe and Central Asia,"Northern, Southern and Western Europe",Western Europe,High income,118,Netherlands,1,1,1,1,1,1,1,1,1,1,1,0,1,1,1,1,1,1,0,1,1,0,0,1,0,1,1,0,0.5,1,0,0.5,0,0,0,0,1,1,1,7,77.77777778,1,1,1,1,0,1,1,1,0,1,0.8,1,0,1,0,0,1,-1,0.333333333,1,0,1,0,0.666666667,1,0,1,1,1,0.8,1,0,1,1,1,1,0,1,4.6,76.66666667,0,0,0,0,0,1,1,1,1,1,1,0,1,1,3,75,1,1,1,1,1,1,1,1,1,1,1,0,1,1,0,0.5,1,1,0,0,1,1,0,0,0.5,0,6,85.71428571,1,1,0,0,0,0.4,1,1,0,0,0,1,0.5,0.9,45,21.5,0,21.5,76.79,76.8,-1
Asia and the Pacific,South-Eastern Asia and the Pacific,Pacific Islands,High income,119,New Zealand,1,0,0,0.333333333,1,1,1,1,1,1,1,0,1,1,1,1,1,1,0,1,1,0,0,1,1,1,0,0,0.5,0,0,0,0,0,0,0,0,0,0,4.833333333,53.7037037,1,1,1,1,0,1,1,1,0,0,0.7,1,1,0,0,1,1,-1,0.5,1,0,1,0,0.666666667,1,1,1,1,1,1,1,-1,0,0,0,0,-1,-0.333333333,2.533333333,42.22222222,0,1,0,0,0.25,0,0,1,0,0.5,1,0,1,1,1.75,43.75,1,0,1,0.666666667,1,1,1,1,1,1,1,0,1,1,1,1,1,1,0,0,1,1,1,0,1,0,6.666666667,95.23809524,0,0,0,0,0,0,0,0,0,0,0,0,0,0,0,15.78333333,0,15.78333333,56.37,56.4,-3
Americas,Latin America and the Caribbean,Central America,Lower-middle income,120,Nicaragua,0,0,0,0,1,1,1,1,0,0.8,1,0,1,1,1,0,0.666666667,1,0,0,0,-1,0,0,0,1,1,0,0.5,0,0,0,0,0,0,0,0,0,0,2.966666667,32.96296296,1,1,1,1,1,1,1,1,1,0,0.9,0,1,1,1,0,0,0,0.5,1,0,1,0,0.666666667,1,0,1,1,1,0.8,1,-1,0,1,1,0,0,0.666666667,3.533333333,58.88888889,0,0,0,0,0,0,0,1,1,1,1,0,0,0.5,1.5,37.5,0,0,0,0,1,1,1,0,0,0.333333333,1,0,1,0,1,0.5,0,1,0,0,0.5,1,1,0,1,0,4.333333333,61.9047619,0,0,0,0,0,0,0,0,0,0,0,0,0,0,0,12.33333333,0,12.33333333,44.05,44.1,-2
Africa,Sub-Saharan Africa,Western Africa,Low income,121,Niger,1,1,0,0.666666667,0,0,0,0,0,0,1,0,1,0,0,0,0,1,0,1,0,-1,0,0.333333333,0,1,1,1,0.75,0,0,0,0,0,0,0,0,0,0,2.75,30.55555556,1,1,1,1,0,1,1,1,1,1,0.9,1,1,1,0,1,0,-1,0.5,1,0,0,0,0.333333333,0,1,0,0,0,0.2,0,0,0,0,0,0,0,0,1.933333333,32.22222222,1,1,0,0,0.5,0,0,1,1,1,0,0,0,0,1.5,37.5,1,0,0,0.333333333,1,1,0,0,0,0,1,-1,1,0,1,0.5,0,1,0,0,0.5,1,0,0,0.5,0,3.833333333,54.76190476,0,0,0,0,0,0,0,0,0,0,0,0,0,0,0,10.01666667,-1,9.016666667,32.20,32.2,-3
Africa,Sub-Saharan Africa,Western Africa,Lower-middle income,122,Nigeria,1,1,0,0.666666667,1,1,1,1,1,1,1,0,1,1,1,0,0.666666667,1,-1,1,1,-1,0,0.333333333,1,1,1,1,1,1,0,0.5,1,0,0,0.333333333,1,1,1,6.5,72.22222222,1,1,1,1,0,1,1,1,1,0,0.8,1,1,1,0,1,0,-1,0.5,1,1,0,-1,0.333333333,1,1,1,0,1,0.8,1,-1,0,1,1,1,-1,0.666666667,3.1,51.66666667,1,1,0,0,0.5,0,0,1,1,1,1,0,0,0.5,2,50,1,0,0,0.333333333,1,1,0,0,0,0,1,-1,1,0,1,0.5,0,0,0,0,0,1,1,0,1,0,3.833333333,54.76190476,0,0,0,0,0,0,0,0,0,0,0,0,0,0,0,15.43333333,-1,14.43333333,51.55,51.6,-7
Europe and Central Asia,"Northern, Southern and Western Europe",Northern Europe,High income,123,Norway,0,0,0,0,1,1,0,1,1,0.8,1,0,1,1,1,1,1,1,0,1,1,0,0,1,1,1,1,1,1,1,1,1,1,1,0,0.666666667,0,0,0,6.466666667,71.85185185,1,1,1,1,0,1,1,1,0,1,0.8,1,1,0,1,1,1,0,0.833333333,1,0,0,0,0.333333333,1,1,1,1,1,1,1,0,1,1,1,0,0,0.666666667,4.633333333,77.22222222,1,1,1,0,0.75,0,0,1,1,1,1,-1,1,0.5,2.25,56.25,1,0,1,0.666666667,1,1,1,1,1,1,1,0,1,1,0,0.5,0,0,0,0,0,1,1,0,1,0,5.166666667,73.80952381,0,1,0,0,0,0.2,0,0,0,0,0,0,0,0.2,10,18.71666667,0,18.71666667,66.85,66.9,-1
Arab States,Arab States,Arab States,High income,124,Oman,1,0,0,0.333333333,1,1,1,1,1,1,1,0,1,1,0,0,0.333333333,1,-1,1,1,-1,0,0.333333333,1,0,0,0,0.25,0,0,0,0,0,0,0,0,0,0,3.25,36.11111111,0,0,1,1,0,1,1,1,0,0,0.5,1,1,0,1,0,0,0,0.5,0,0,0,-1,-0.333333333,0,0,0,1,0,0.2,0,0,0,1,1,1,0,1,1.866666667,31.11111111,0,1,0,0,0.25,0,0,1,0,0.5,1,-1,1,0.5,1.25,31.25,0,0,0,0,1,1,0,0,1,0.333333333,1,0,1,0,0,0,1,0,-1,-1,-0.5,1,0,0,0.5,0,2.333333333,33.33333333,0,0,0,0,0,0,0,0,0,0,0,0,0,0,0,8.7,0,8.7,31.07,31.1,-6
Asia and the Pacific,Southern Asia,Southern Asia,Lower-middle income,125,Pakistan,1,1,0,0.666666667,1,1,0,1,0,0.6,1,0,1,1,0,0,0.333333333,1,-1,1,1,-1,0,0.333333333,0,0,0,0,0,1,0,0.5,0,0,0,0,0,0,0,3.433333333,38.14814815,1,1,0,1,0,1,1,1,0,0,0.6,1,1,1,0,0,1,-1,0.5,0,0,0,-1,-0.333333333,0,1,1,1,0,0.6,1,-1,0,1,1,0,-1,0.333333333,1.7,28.33333333,0,1,0,0,0.25,0,0,1,1,1,0,-1,0,-0.5,0.75,18.75,1,0,0,0.333333333,1,1,0,0,0,0,1,-1,1,0,0,0,0,0,0,0,0,1,0,0,0.5,0,2.833333333,40.47619048,0,0,0,0,0,0,0,0,0,0,0,0,0,0,0,8.716666667,-1,7.716666667,27.56,27.6,-8
Asia and the Pacific,South-Eastern Asia and the Pacific,Pacific Islands,Upper-middle income,126,Palau,0,0,0,0,0,0,0,0,0,0,1,0,1,0,0,0,0,1,0,0,0,-1,0,0,1,0,0,0,0.25,0,0,0,0,0,0,0,0,0,0,1.25,13.88888889,0,0,0,0,0,0,0,0,0,0,0,1,0,0,0,0,0,-1,0,0,0,0,0,0,0,0,0,0,0,0,1,0,1,0,1,0,-1,0,1,16.66666667,0,0,0,0,0,0,0,1,0,0.5,0,0,0,0,0.5,12.5,0,0,0,0,0,0,0,0,1,0.333333333,1,0,1,0,0,0,0,0,-1,0,-0.5,0,0,0,0,0,0.833333333,11.9047619,0,0,0,0,0,0,0,0,0,0,0,0,0,0,0,3.583333333,0,3.583333333,12.80,12.8,-4
Americas,Latin America and the Caribbean,Central America,Upper-middle income,127,Panama,1,0,0,0.333333333,1,1,1,0,0,0.6,1,0,1,1,1,0,0.666666667,1,-1,0,0,-1,0,-0.333333333,0,1,0,0,0.25,1,0,0.5,0,0,0,0,0,0,0,3.016666667,33.51851852,0,0,1,1,1,1,1,1,0,1,0.7,1,0,1,1,1,0,0,0.666666667,1,1,1,0,1,1,1,1,1,1,1,1,0,1,1,1,0,0,0.666666667,5.033333333,83.88888889,0,1,0,0,0.25,0,0,1,1,1,1,-1,0,0,1.25,31.25,1,0,0,0.333333333,1,1,1,0,1,0.666666667,1,0,1,1,0,0.5,0,1,0,0,0.5,1,1,0,1,0,5,71.42857143,0,0,0,0,0,0,0,0,0,0,0,0,0,0,0,14.3,0,14.3,51.07,51.1,-3
Asia and the Pacific,South-Eastern Asia and the Pacific,Pacific Islands,Lower-middle income,128,Papua New Guinea,0,0,0,0,1,1,1,1,0,0.8,1,-1,0,0,1,0,0.333333333,0,0,0,0,0,0,0,0,1,0,0,0.25,0,0,0,0,0,0,0,0,0,0,1.383333333,15.37037037,1,0,0,1,0,1,0,0,0,0,0.3,1,0,0,0,1,0,0,0.333333333,1,1,0,-1,0.333333333,0,0,0,0,1,0.2,0,0,0,1,1,1,-1,0.666666667,1.833333333,30.55555556,1,1,0,0,0.5,0,0,1,0,0.5,0,0,0,0,1,25,0,0,0,0,1,1,1,0,0,0.333333333,1,0,1,0,0,0,1,0,-1,-1,-0.5,0,0,0,0,0,1.833333333,26.19047619,0,0,0,0,0,0,0,0,0,0,0,0,0,0,0,6.05,0,6.05,21.61,21.6,-5
Americas,Latin America and the Caribbean,South America,Upper-middle income,129,Paraguay,1,1,0,0.666666667,1,0,1,1,0,0.6,1,0,1,0,0,0,0,1,0,1,0,0,0,0.666666667,1,1,1,0,0.75,0,0,0,0,0,0,0,0,0,0,3.683333333,40.92592593,1,1,1,1,1,1,1,1,1,0,0.9,0,0,1,0,0,1,0,0.333333333,1,1,1,0,1,1,1,1,1,1,1,1,-1,0,1,1,1,0,1,4.233333333,70.55555556,0,0,0,0,0,0,0,1,1,1,0,0,1,0.5,1.5,37.5,1,0,1,0.666666667,1,1,0,0,1,0.333333333,1,-1,1,0,1,0.5,0,1,0,0,0.5,1,1,0,1,0,5,71.42857143,0,0,0,0,0,0,0,0,0,0,0,0,0,0,0,14.41666667,-1,13.41666667,47.92,47.9,-2
Americas,Latin America and the Caribbean,South America,Upper-middle income,130,Peru,1,1,0,0.666666667,1,1,1,1,1,1,1,0,1,1,1,1,1,1,0,1,1,-1,0,0.666666667,0,1,1,1,0.75,1,0,0.5,1,1,1,1,1,1,1,7.583333333,84.25925926,0,0,1,1,0,1,1,1,1,0,0.6,1,0,0,0,0,0,0,0.166666667,0,0,1,-1,0,1,0,1,0,1,0.6,1,-1,0,1,1,1,-1,0.666666667,2.033333333,33.88888889,1,1,0,0,0.5,0,0,1,1,1,1,0,1,1,2.5,62.5,1,0,1,0.666666667,1,1,1,0,1,0.666666667,1,-1,1,1,1,1,0,1,0,0,0.5,1,1,0,1,0,5.833333333,83.33333333,0,0,0,0,0,0,0,0,0,0,0,0,0,0,0,17.95,-1,16.95,60.54,60.5,-5
Asia and the Pacific,South-Eastern Asia and the Pacific,South-Eastern Asia,Lower-middle income,131,Philippines,1,1,0,0.666666667,1,1,1,1,0,0.8,1,0,1,1,1,1,1,1,0,1,0,0,0,0.666666667,1,1,1,1,1,1,0,0.5,1,0,0,0.333333333,1,1,1,6.966666667,77.40740741,1,1,1,1,1,1,1,1,1,0,0.9,1,1,0,0,0,0,0,0.333333333,1,1,0,0,0.666666667,1,0,1,1,0,0.6,1,-1,0,1,1,1,0,1,3.5,58.33333333,1,1,0,0,0.5,0,0,1,1,1,0,0,1,0.5,2,50,1,0,1,0.666666667,1,1,1,0,0,0.333333333,1,-1,1,0,1,0.5,0,1,0,0,0.5,1,1,-1,0.5,0,4.5,64.28571429,0,0,0,0,0,0,0,0,0,0,0,0,0,0,0,16.96666667,-1,15.96666667,57.02,57.0,-3
Europe and Central Asia,Eastern Europe,Eastern Europe,High income,132,Poland,0,0,0,0,1,1,0,1,1,0.8,1,0,1,1,1,1,1,1,0,1,1,0,0,1,1,1,0,1,0.75,0,0,0,0,0,0,0,1,0,0.5,5.05,56.11111111,1,1,1,1,0,1,1,1,0,1,0.8,1,0,0,1,0,0,0,0.333333333,1,0,0,-1,0,1,1,1,1,1,1,1,0,1,1,1,1,-1,0.666666667,3.8,63.33333333,1,1,1,0,0.75,0,0,1,1,1,1,0,1,1,2.75,68.75,1,0,1,0.666666667,1,1,1,0,1,0.666666667,1,0,1,1,0,0.5,1,1,-1,0,0.5,1,0,0,0.5,0,4.833333333,69.04761905,0,1,0,0,0,0.2,1,0,0,0,0,0,0.166666667,0.366666667,18.33333333,16.8,0,16.8,60.00,60.0,-3
Europe and Central Asia,"Northern, Southern and Western Europe",Southern Europe,High income,133,Portugal,1,1,0,0.666666667,1,1,1,0,1,0.8,1,0,1,1,1,1,1,1,0,1,1,0,0,1,1,1,1,1,1,1,0,0.5,1,1,0,0.666666667,1,0,0.5,7.133333333,79.25925926,0,1,1,1,1,1,1,1,0,0,0.7,1,1,0,1,0,1,0,0.666666667,1,0,1,0,0.666666667,1,1,1,1,1,1,1,0,1,1,1,1,-1,0.666666667,4.7,78.33333333,1,1,1,0,0.75,0,0,1,1,1,1,0,1,1,2.75,68.75,1,0,0,0.333333333,1,1,1,1,1,1,1,0,1,1,1,1,0,1,0,0,0.5,1,1,0,1,0,5.833333333,83.33333333,0,1,0,0,0,0.2,1,0,0,0,0,0,0.166666667,0.366666667,18.33333333,20.78333333,0,20.78333333,74.23,74.2,-1
Arab States,Arab States,Arab States,High income,134,Qatar,1,0,0,0.333333333,1,1,1,0,0,0.6,1,0,1,1,1,0,0.666666667,1,0,1,1,0,0,1,1,0,1,1,0.75,0,0,0,1,0,0,0.333333333,1,0,0.5,5.183333333,57.59259259,0,0,1,1,0,1,1,1,0,0,0.5,1,1,1,0,0,0,-1,0.333333333,1,1,0,0,0.666666667,1,0,0,1,0,0.4,0,0,0,1,1,0,0,0.666666667,2.566666667,42.77777778,1,0,0,0,0.25,0,0,1,1,1,1,-1,1,0.5,1.75,43.75,1,0,0,0.333333333,1,1,0,0,1,0.333333333,1,-1,1,1,0,0.5,0,0,-1,-1,-1,0,1,0,0.5,0,2.666666667,38.0952381,0,0,0,0,0,0,0,0,0,0,0,0,0,0,0,12.16666667,-1,11.16666667,39.88,39.9,-5
Europe and Central Asia,Eastern Europe,Eastern Europe,Upper-middle income,135,Romania,1,1,0,0.666666667,1,1,1,0,1,0.8,1,0,1,1,1,1,1,1,-1,0,0,-1,0,-0.333333333,0,1,0,1,0.5,1,1,1,1,1,1,1,1,1,1,6.633333333,73.7037037,1,1,1,1,0,1,1,1,0,0,0.7,1,1,1,0,1,0,0,0.666666667,1,0,0,-1,0,1,0,1,1,0,0.6,1,0,1,1,1,1,0,1,3.966666667,66.11111111,1,1,1,0,0.75,0,0,1,1,1,1,0,1,1,2.75,68.75,1,1,1,1,1,1,0,0,1,0.333333333,1,0,1,0,0,0,0,0,0,-1,-0.5,0,1,0,0.5,0,3.333333333,47.61904762,0,1,0,0,0,0.2,1,0,0,0,0,0,0.166666667,0.366666667,18.33333333,17.05,0,17.05,60.89,60.9,-4
Europe and Central Asia,Eastern Europe,Eastern Europe,High income,136,Russian Federation,0,0,0,0,1,0,1,0,0,0.4,1,0,1,0,0,0,0,1,0,0,0,0,0,0.333333333,0,0,0,0,0,0,0,0,0,0,0,0,0,0,0,1.733333333,19.25925926,1,1,1,1,0,1,1,1,0,0,0.7,1,0,1,0,0,0,-1,0.166666667,1,0,0,-1,0,0,0,1,0,1,0.4,0,0,0,0,1,0,0,0.333333333,1.6,26.66666667,0,0,0,0,0,0,0,1,1,1,1,-1,1,0.5,1.5,37.5,0,0,0,0,0,0,0,0,1,0.333333333,1,-1,1,1,0,0.5,0,0,-1,0,-0.5,1,1,-1,0.5,-1,1.833333333,26.19047619,0,0,0,0,0,0,0,0,0,0,0,0,0,0,0,6.666666667,-2,4.666666667,16.67,16.7,-7
Africa,Sub-Saharan Africa,Eastern Africa,Low income,137,Rwanda,0,0,0,0,1,0,1,0,1,0.6,1,0,1,1,1,1,1,1,-1,1,1,-1,0,0.333333333,0,0,1,0,0.25,0,1,0.5,1,0,0,0.333333333,0,0,0,4.016666667,44.62962963,0,1,1,1,0,1,1,1,1,0,0.7,1,0,1,1,1,1,-1,0.666666667,0,0,0,-1,-0.333333333,1,1,1,1,0,0.8,1,0,1,1,1,0,0,0.666666667,3.5,58.33333333,0,1,0,0,0.25,0,0,1,1,1,1,0,0,0.5,1.75,43.75,0,0,0,0,1,1,0,0,1,0.333333333,1,0,1,0,1,0.5,0,0,0,0,0,1,1,0,1,-1,3.833333333,54.76190476,0,0,0,0,0,0,0,0,0,0,0,0,0,0,0,13.1,-1,12.1,43.21,43.2,-5
Americas,Latin America and the Caribbean,Caribbean,High income,138,Saint Kitts and Nevis,0,0,0,0,1,1,0,0,0,0.4,0,0,0,0,0,0,0,0,0,0,0,0,0,0,0,0,0,0,0,0,0,0,0,0,0,0,0,0,0,0.4,4.444444444,0,0,1,1,0,1,0,0,0,0,0.3,1,1,1,0,0,0,-1,0.333333333,0,0,0,0,0,0,0,1,1,1,0.6,0,0,0,0,0,0,0,0,1.233333333,20.55555556,0,0,0,0,0,0,0,1,0,0.5,0,0,1,0.5,1,25,0,0,0,0,0,0,0,0,0,0,0,0,0,0,1,0.5,0,1,0,0,0.5,0,0,0,0,0,1,14.28571429,0,0,0,0,0,0,0,0,0,0,0,0,0,0,0,3.633333333,0,3.633333333,12.98,13.0,-1
Americas,Latin America and the Caribbean,Caribbean,Upper-middle income,139,Saint Lucia,0,0,0,0,1,1,1,1,1,1,1,-1,0,1,1,0,0.666666667,1,0,1,1,0,-1,0.666666667,1,1,1,1,1,0,0,0,0,0,0,0,0,0,0,3.333333333,37.03703704,1,1,1,1,0,1,1,1,0,0,0.7,1,1,0,0,1,1,-1,0.5,1,1,0,0,0.666666667,1,0,1,1,1,0.8,0,0,0,1,0,0,0,0.333333333,3,50,1,1,0,0,0.5,0,0,1,0,0.5,1,0,1,1,2,50,0,0,0,0,0,0,0,0,1,0.333333333,0,0,0,0,0,0,0,0,0,0,0,0,0,0,0,0,0.333333333,4.761904762,0,0,0,0,0,0,0,0,0,0,0,0,0,0,0,8.666666667,0,8.666666667,30.95,31.0,-3
Americas,Latin America and the Caribbean,Caribbean,Upper-middle income,140,Saint Vincent and the Grenadines,1,0,0,0.333333333,1,1,0,1,0,0.6,1,0,1,1,1,0,0.666666667,1,0,0,1,-1,-1,0,0,1,1,1,0.75,1,0,0.5,1,0,0,0.333333333,0,0,0,4.183333333,46.48148148,1,1,1,1,0,1,1,1,1,0,0.8,1,0,0,0,1,0,-1,0.166666667,1,0,1,0,0.666666667,0,1,1,1,1,0.8,1,-1,0,1,1,0,0,0.666666667,3.1,51.66666667,1,1,0,0,0.5,0,0,1,1,1,1,0,1,1,2.5,62.5,0,0,0,0,1,1,0,0,1,0.333333333,0,0,0,1,0,0.5,0,0,0,0,0,1,1,0,1,0,2.833333333,40.47619048,0,0,0,0,0,0,0,0,0,0,0,0,0,0,0,12.61666667,0,12.61666667,45.06,45.1,-4
Asia and the Pacific,South-Eastern Asia and the Pacific,Pacific Islands,Lower-middle income,141,Samoa,0,0,0,0,0,0,0,0,0,0,0,0,0,0,0,0,0,0,0,0,0,0,0,0,0,0,0,0,0,0,0,0,0,0,0,0,0,0,0,0,0,0,0,0,1,0,1,1,1,0,0,0.4,0,0,0,0,1,0,-1,0,0,0,0,0,0,0,0,0,0,0,0,1,0,1,0,0,0,0,0,1.4,23.33333333,0,0,0,0,0,0,0,1,0,0.5,0,0,0,0,0.5,12.5,0,0,0,0,0,0,0,0,0,0,1,0,1,0,0,0,0,0,0,0,0,0,0,0,0,0,1,14.28571429,0,0,0,0,0,0,0,0,0,0,0,0,0,0,0,2.9,0,2.9,10.36,10.4,-1
Arab States,Arab States,Arab States,High income,142,Saudi Arabia,0,0,0,0,1,1,1,1,1,1,1,0,1,1,1,1,1,1,0,1,1,0,0,1,1,1,1,0,0.75,0,0,0,1,0,0,0.333333333,0,0,0,5.083333333,56.48148148,1,1,1,1,0,1,1,1,0,0,0.7,1,0,0,0,0,0,-1,0,1,0,0,0,0.333333333,1,0,0,1,0,0.4,0,0,0,1,1,1,0,1,2.433333333,40.55555556,0,1,0,0,0.25,0,0,1,1,1,1,-1,1,0.5,1.75,43.75,0,0,0,0,1,1,1,0,1,0.666666667,1,0,1,0,0,0,0,0,-1,-1,-1,1,0,0,0.5,0,2.166666667,30.95238095,0,0,0,0,0,0,0,0,0,0,0,0,0,0,0,11.43333333,0,11.43333333,40.83,40.8,-4
Africa,Sub-Saharan Africa,Western Africa,Lower-middle income,143,Senegal,0,0,0,0,1,0,1,0,1,0.6,1,0,1,1,1,1,1,1,0,0,0,-1,0,0,1,1,1,1,1,0,0,0,1,0,0,0.333333333,0,0,0,3.933333333,43.7037037,0,1,1,1,0,1,1,1,1,0,0.7,1,0,1,0,1,0,-1,0.333333333,0,1,0,0,0.333333333,1,1,0,1,1,0.8,1,-1,0,1,1,1,-1,0.666666667,2.833333333,47.22222222,1,1,0,1,0.75,0,0,1,1,1,1,0,1,1,2.75,68.75,1,0,0,0.333333333,1,1,0,0,0,0,1,-1,1,0,1,0.5,1,1,0,0,1,0,1,0,0.5,0,4.333333333,61.9047619,0,0,0,0,0,0,0,0,0,0,0,0,0,0,0,13.85,-1,12.85,45.89,45.9,-5
Europe and Central Asia,"Northern, Southern and Western Europe",Southern Europe,Upper-middle income,144,Serbia,1,0,0,0.333333333,1,1,1,1,1,1,1,0,1,1,1,0,0.666666667,1,0,1,1,-1,0,0.666666667,1,1,1,1,1,1,0,0.5,0,0,0,0,1,1,1,6.166666667,68.51851852,1,1,1,1,0,1,1,1,0,0,0.7,1,1,0,0,0,0,0,0.333333333,1,0,1,-1,0.333333333,1,0,1,1,1,0.8,1,0,1,1,1,1,0,1,4.166666667,69.44444444,1,1,0,1,0.75,0,0,1,1,1,1,0,1,1,2.75,68.75,1,1,1,1,1,1,0,0,1,0.333333333,1,0,1,1,0,0.5,0,1,0,0,0.5,1,0,0,0.5,0,4.833333333,69.04761905,0,0,0,0,0,0,0,0,0,0,0,0,0,0,0,17.91666667,0,17.91666667,63.99,64.0,-2
Africa,Sub-Saharan Africa,Eastern Africa,High income,145,Seychelles,1,0,0,0.333333333,1,1,0,0,0,0.4,1,-1,0,0,1,0,0.333333333,0,0,0,0,0,0,0,0,1,0,0,0.25,0,0,0,1,0,0,0.333333333,1,0,0.5,2.15,23.88888889,0,1,1,1,0,1,1,1,1,0,0.7,1,1,0,0,1,0,0,0.5,0,0,0,0,0,0,1,1,1,1,0.8,0,0,0,0,0,0,0,0,2,33.33333333,1,0,0,0,0.25,0,0,1,0,0.5,0,0,0,0,0.75,18.75,0,0,0,0,1,1,1,0,1,0.666666667,1,0,1,0,0,0,1,0,0,0,0.5,1,1,0,1,0,4.166666667,59.52380952,0,0,0,0,0,0,0,0,0,0,0,0,0,0,0,9.066666667,0,9.066666667,32.38,32.4,-1
Africa,Sub-Saharan Africa,Western Africa,Low income,146,Sierra Leone,0,0,0,0,1,1,0,0,0,0.4,1,0,1,1,1,0,0.666666667,1,-1,0,1,0,0,0.333333333,0,1,1,0,0.5,0,0,0,0,0,0,0,1,1,1,3.9,43.33333333,1,1,1,1,0,1,1,1,0,0,0.7,1,0,0,0,1,0,-1,0.166666667,0,1,0,0,0.333333333,1,0,0,1,0,0.4,1,-1,0,1,1,0,0,0.666666667,2.266666667,37.77777778,1,1,0,0,0.5,0,0,1,1,1,1,0,0,0.5,2,50,0,0,0,0,1,1,1,0,0,0.333333333,1,0,1,0,1,0.5,1,0,0,0,0.5,0,1,0,0.5,0,3.833333333,54.76190476,0,0,0,0,0,0,0,0,0,0,0,0,0,0,0,12,0,12,42.86,42.9,-3
Asia and the Pacific,South-Eastern Asia and the Pacific,South-Eastern Asia,High income,147,Singapore,0,0,0,0,1,1,1,0,0,0.6,1,0,1,1,0,0,0.333333333,1,0,1,1,0,0,1,1,1,1,0,0.75,0,0,0,1,0,0,0.333333333,1,0,0.5,4.516666667,50.18518519,0,1,1,0,0,1,1,0,0,0,0.4,1,1,1,0,1,1,-1,0.666666667,1,0,0,-1,0,1,1,0,1,1,0.8,0,0,0,0,1,0,0,0.333333333,2.2,36.66666667,0,1,0,0,0.25,0,0,1,0,0.5,0,-1,0,-0.5,0.25,6.25,1,0,0,0.333333333,1,1,0,1,1,0.666666667,1,0,1,1,0,0.5,0,0,-1,-1,-1,1,0,0,0.5,0,3,42.85714286,0,0,0,0,0,0,0,0,0,0,0,0,0,0,0,9.966666667,0,9.966666667,35.60,35.6,-5
Europe and Central Asia,Eastern Europe,Eastern Europe,High income,148,Slovakia,1,0,0,0.333333333,1,1,1,0,1,0.8,1,0,1,1,1,0,0.666666667,1,0,1,1,0,0,1,1,1,0,0,0.5,1,0,0.5,1,0,1,0.666666667,0,0,0,5.466666667,60.74074074,1,1,1,1,0,1,1,1,0,0,0.7,1,0,0,0,1,0,0,0.333333333,0,0,0,0,0,0,1,0,1,0,0.4,1,0,1,1,1,1,-1,0.666666667,3.1,51.66666667,1,1,1,1,1,0,0,1,1,1,1,0,1,1,3,75,1,0,1,0.666666667,1,1,1,0,0,0.333333333,1,0,1,1,0,0.5,0,1,0,-1,0,1,1,0,1,0,4.5,64.28571429,0,1,0,0,0,0.2,1,0,0,0,0,0,0.166666667,0.366666667,18.33333333,16.43333333,0,16.43333333,58.69,58.7,-2
Europe and Central Asia,"Northern, Southern and Western Europe",Southern Europe,High income,149,Slovenia,0,0,0,0,1,1,1,0,1,0.8,1,0,1,1,1,1,1,1,0,1,1,0,0,1,0,1,1,0,0.5,1,1,1,1,1,0,0.666666667,1,1,1,6.966666667,77.40740741,1,1,1,1,0,1,1,1,0,0,0.7,1,1,0,1,0,1,0,0.666666667,0,0,0,0,0,0,1,1,0,1,0.6,1,0,1,1,1,1,0,1,3.966666667,66.11111111,1,1,1,1,1,0,0,1,1,1,1,-1,1,0.5,2.5,62.5,1,0,1,0.666666667,1,1,1,0,1,0.666666667,1,0,1,1,0,0.5,0,0,0,0,0,1,1,0,1,0,4.833333333,69.04761905,0,1,0,0,0,0.2,1,0,0,0,0,0,0.166666667,0.366666667,18.33333333,18.63333333,0,18.63333333,66.55,66.6,-1
Asia and the Pacific,South-Eastern Asia and the Pacific,Pacific Islands,Lower-middle income,150,Solomon Islands,0,0,0,0,0,0,0,0,0,0,1,0,1,1,0,0,0.333333333,1,0,1,0,-1,0,0.333333333,0,1,0,0,0.25,0,0,0,1,0,0,0.333333333,0,0,0,2.25,25,1,1,0,1,0,1,0,0,0,0,0.4,1,0,1,0,1,0,0,0.5,0,1,0,-1,0,0,0,0,1,0,0.2,0,0,0,0,0,0,0,0,1.1,18.33333333,1,1,0,0,0.5,0,0,1,1,1,0,0,0,0,1.5,37.5,0,0,0,0,0,0,0,0,0,0,1,0,1,0,0,0,0,0,0,0,0,0,0,0,0,0,1,14.28571429,0,0,0,0,0,0,0,0,0,0,0,0,0,0,0,5.85,0,5.85,20.89,20.9,-2
Africa,Sub-Saharan Africa,Eastern Africa,Low income,151,Somalia,0,0,0,0,0,0,0,0,0,0,0,0,0,0,0,0,0,1,0,0,0,0,0,0.333333333,0,0,0,0,0,0,0,0,0,0,0,0,0,0,0,0.333333333,3.703703704,0,0,0,1,0,1,0,0,0,0,0.2,0,1,1,0,0,0,0,0.333333333,0,0,0,-1,-0.333333333,0,0,0,1,0,0.2,1,0,1,0,0,0,0,0,1.4,23.33333333,0,0,0,0,0,0,0,1,0,0.5,1,0,0,0.5,1,25,0,0,0,0,1,1,0,0,0,0,1,-1,1,0,0,0,0,1,0,0,0.5,0,1,0,0.5,0,3,42.85714286,0,0,0,0,0,0,0,0,0,0,0,0,0,0,0,5.733333333,-1,4.733333333,16.90,16.9,-2
Africa,Sub-Saharan Africa,Southern Africa,Upper-middle income,152,South Africa,1,1,0,0.666666667,1,1,1,1,1,1,1,0,1,0,1,1,0.666666667,1,-1,1,1,-1,0,0.333333333,0,1,1,0,0.5,1,1,1,1,0,0,0.333333333,1,0,0.5,6,66.66666667,1,0,1,1,1,1,1,1,0,0,0.7,1,0,0,0,0,1,-1,0.166666667,1,1,0,-1,0.333333333,1,1,1,1,1,1,1,-1,0,1,1,1,-1,0.666666667,2.866666667,47.77777778,1,0,0,0,0.25,0,0,1,1,1,1,-1,0,0,1.25,31.25,0,0,0,0,1,1,1,0,1,0.666666667,1,0,1,0,0,0,1,1,-1,0,0.5,1,0,0,0.5,0,3.666666667,52.38095238,0,0,0,0,0,0,0,0,0,0,0,0,0,0,0,13.78333333,0,13.78333333,49.23,49.2,-8
Europe and Central Asia,"Northern, Southern and Western Europe",Southern Europe,High income,153,Spain,1,1,0,0.666666667,1,1,1,1,0,0.8,1,0,1,1,1,0,0.666666667,1,0,1,1,-1,0,0.666666667,1,1,1,1,1,1,0,0.5,1,1,1,1,1,1,1,7.3,81.11111111,1,1,1,1,0,1,1,1,0,1,0.8,1,0,0,0,1,1,0,0.5,1,1,1,-1,0.666666667,1,0,0,1,0,0.4,1,0,1,1,1,1,0,1,4.366666667,72.77777778,1,1,1,1,1,0,0,1,1,1,1,-1,1,0.5,2.5,62.5,1,0,1,0.666666667,1,1,1,0,1,0.666666667,1,0,1,1,0,0.5,1,1,0,0,1,1,0,0,0.5,0,5.333333333,76.19047619,0,1,0,0,0,0.2,0,0,0,0,0,0,0,0.2,10,19.7,0,19.7,70.36,70.4,-3
Asia and the Pacific,Southern Asia,Southern Asia,Lower-middle income,154,Sri Lanka,1,0,0,0.333333333,1,1,0,0,0,0.4,1,0,1,1,1,0,0.666666667,1,0,1,1,-1,-1,0.333333333,0,0,0,0,0,0,0,0,0,0,0,0,0,0,0,2.733333333,30.37037037,1,1,1,1,0,1,1,1,1,0,0.8,1,1,1,1,1,0,0,0.833333333,1,0,0,-1,0,1,1,1,1,0,0.8,1,0,1,1,0,0,-1,0,3.433333333,57.22222222,0,1,0,0,0.25,0,0,1,1,1,0,0,1,0.5,1.75,43.75,1,0,0,0.333333333,1,1,0,0,1,0.333333333,1,-1,1,1,0,0.5,1,0,0,0,0.5,1,1,0,1,0,4.666666667,66.66666667,0,0,0,0,0,0,0,0,0,0,0,0,0,0,0,12.58333333,-1,11.58333333,41.37,41.4,-5
Africa,Northern Africa,Northern Africa,Lower-middle income,155,Sudan,0,0,0,0,0,0,0,0,0,0,1,0,1,1,1,0,0.666666667,0,-1,0,0,0,0,-0.333333333,0,1,0,0,0.25,0,0,0,0,0,0,0,0,0,0,1.583333333,17.59259259,1,1,1,1,0,1,1,1,0,0,0.7,0,1,1,1,0,0,-1,0.333333333,0,0,0,-1,-0.333333333,0,1,0,1,0,0.4,1,0,1,1,1,0,-1,0.333333333,2.433333333,40.55555556,0,1,0,0,0.25,0,0,1,1,1,0,-1,0,-0.5,0.75,18.75,1,0,0,0.333333333,1,1,0,0,0,0,1,-1,1,0,0,0,0,0,-1,0,-0.5,0,0,0,0,0,1.833333333,26.19047619,0,0,0,0,0,0,0,0,0,0,0,0,0,0,0,6.6,-1,5.6,20.00,20.0,-7
Americas,Latin America and the Caribbean,South America,Upper-middle income,156,Suriname,0,0,0,0,1,0,1,0,0,0.4,1,0,1,1,0,1,0.666666667,1,0,0,1,-1,0,0.333333333,0,1,0,0,0.25,1,0,0.5,0,0,0,0,0,0,0,3.15,35,0,1,1,1,0,1,0,1,0,0,0.5,1,0,0,0,0,0,0,0.166666667,0,0,0,0,0,0,0,0,0,0,0,1,0,1,0,0,0,-1,-0.333333333,1.333333333,22.22222222,0,0,0,0,0,0,0,1,1,1,0,0,0,0,1,25,0,0,0,0,1,1,1,0,1,0.666666667,0,0,0,1,1,1,0,1,0,0,0.5,1,1,0,1,0,4.166666667,59.52380952,0,0,0,0,0,0,0,0,0,0,0,0,0,0,0,9.65,0,9.65,34.46,34.5,-2
Africa,Sub-Saharan Africa,Southern Africa,Lower-middle income,157,Swaziland,1,0,0,0.333333333,1,1,1,0,0,0.6,1,0,1,1,0,0,0.333333333,1,-1,1,1,0,0,0.666666667,0,0,0,0,0,0,0,0,1,0,0,0.333333333,1,0,0.5,3.766666667,41.85185185,0,0,1,1,0,1,1,1,0,0,0.5,1,0,1,0,0,0,-1,0.166666667,0,0,0,0,0,0,0,1,1,1,0.6,1,0,1,1,0,0,0,0.333333333,2.6,43.33333333,1,1,0,0,0.5,0,0,1,1,1,1,0,0,0.5,2,50,0,0,0,0,1,1,0,0,1,0.333333333,1,0,1,0,1,0.5,0,0,0,0,0,1,1,0,1,-1,3.833333333,54.76190476,0,0,0,0,0,0,0,0,0,0,0,0,0,0,0,12.2,-1,11.2,40.00,40.0,-3
Europe and Central Asia,"Northern, Southern and Western Europe",Northern Europe,High income,158,Sweden,1,1,0,0.666666667,1,1,1,1,1,1,1,0,1,1,1,1,1,1,0,1,1,0,0,1,1,1,1,0,0.75,1,0,0.5,1,1,1,1,1,0,0.5,7.416666667,82.40740741,1,1,1,1,0,1,1,1,0,1,0.8,1,0,0,0,0,1,0,0.333333333,0,1,0,0,0.333333333,1,1,1,1,1,1,1,0,1,1,1,1,0,1,4.466666667,74.44444444,1,1,0,0,0.5,1,1,1,1,1,1,0,1,1,3.5,87.5,1,0,1,0.666666667,1,1,0,1,1,0.666666667,1,0,1,1,1,1,0,0,0,-1,-0.5,1,1,0,1,0,4.833333333,69.04761905,0,1,0,0,0,0.2,0,0,0,0,0,0,0,0.2,10,20.41666667,0,20.41666667,72.92,72.9,-1
Europe and Central Asia,"Northern, Southern and Western Europe",Western Europe,High income,159,Switzerland,0,0,0,0,1,1,1,1,1,1,1,0,1,1,1,1,1,1,0,1,1,0,0,1,1,1,0,1,0.75,1,0,0.5,0,0,0,0,0,0,0,5.25,58.33333333,1,1,1,1,1,1,1,1,0,1,0.9,0,0,0,0,1,1,0,0.333333333,1,0,1,0,0.666666667,1,1,1,1,1,1,1,0,1,1,1,1,-1,0.666666667,4.566666667,76.11111111,1,1,0,0,0.5,0,0,1,1,1,1,-1,1,0.5,2,50,1,0,1,0.666666667,1,1,1,1,1,1,1,0,1,1,0,0.5,0,0,0,0,0,1,1,0,1,0,5.166666667,73.80952381,0,0,0,0,0,0,0,0,0,0,0,0,0,0,0,16.98333333,0,16.98333333,60.65,60.7,-2
Asia and the Pacific,Eastern Asia,Eastern Asia,High income,160,"Taiwan, China",1,0,0,0.333333333,1,0,1,1,1,0.8,1,0,1,0,1,0,0.333333333,1,-1,1,1,-1,0,0.333333333,0,1,0,0,0.25,0,0,0,1,0,1,0.666666667,0,0,0,3.716666667,41.2962963,0,0,0,0,0,0,0,0,0,0,0,1,1,0,0,1,0,0,0.5,1,0,1,-1,0.333333333,0,1,1,1,0,0.6,0,0,0,1,1,0,-1,0.333333333,1.766666667,35.33333333,0,0,0,0,0,0,0,0,1,0.5,1,0,1,1,1.5,37.5,0,0,0,0,1,1,1,1,1,1,1,0,1,1,0,0.5,0,0,-1,-1,-1,1,0,0,0.5,0,3,42.85714286,0,0,0,0,0,0,0,0,1,0,0,0,0.166666667,0.166666667,8.333333333,10.15,0,10.15,37.59,37.6,-6
Europe and Central Asia,Central and Western Asia,Central Asia,Lower-middle income,161,Tajikistan,0,0,0,0,1,1,0,1,0,0.6,1,-1,0,1,1,0,0.666666667,0,0,0,0,0,0,0,0,1,0,0,0.25,0,0,0,0,0,0,0,0,0,0,1.516666667,16.85185185,0,0,1,1,0,1,1,1,1,0,0.6,1,1,0,1,0,0,-1,0.333333333,1,1,0,0,0.666666667,0,0,0,1,1,0.4,1,0,1,1,1,0,0,0.666666667,3.666666667,61.11111111,0,0,0,0,0,0,0,1,0,0.5,1,-1,1,0.5,1,25,1,0,0,0.333333333,1,1,1,0,1,0.666666667,1,-1,1,0,0,0,0,0,0,0,0,1,0,0,0.5,0,3.5,50,0,0,0,0,0,0,0,0,0,0,0,0,0,0,0,9.683333333,-1,8.683333333,31.01,31.0,-4
Africa,Sub-Saharan Africa,Eastern Africa,Low income,162,"Tanzania, United Republic of",0,0,0,0,1,0,1,1,1,0.8,1,0,1,1,1,0,0.666666667,1,0,0,0,-1,0,0,0,1,1,0,0.5,1,0,0.5,0,0,0,0,0,0,0,3.466666667,38.51851852,1,1,1,1,0,1,1,1,0,0,0.7,1,1,1,0,0,0,-1,0.333333333,1,1,0,0,0.666666667,1,1,1,1,1,1,1,0,1,1,1,1,-1,0.666666667,4.366666667,72.77777778,1,1,0,0,0.5,0,0,1,1,1,1,-1,0,0,1.5,37.5,0,0,0,0,1,1,1,0,0,0.333333333,1,-1,1,0,0,0,0,1,0,0,0.5,1,0,0,0.5,0,3.333333333,47.61904762,0,0,0,0,0,0,0,0,0,0,0,0,0,0,0,12.66666667,-1,11.66666667,41.67,41.7,-5
Asia and the Pacific,South-Eastern Asia and the Pacific,South-Eastern Asia,Upper-middle income,163,Thailand,1,0,0,0.333333333,1,1,1,0,1,0.8,1,0,1,1,1,0,0.666666667,1,0,1,1,-1,0,0.666666667,1,1,1,0,0.75,1,0,0.5,1,1,0,0.666666667,0,0,0,5.383333333,59.81481481,0,0,1,1,0,1,1,1,0,0,0.5,1,1,0,0,1,0,0,0.5,1,1,0,-1,0.333333333,1,1,1,1,1,1,1,0,1,1,1,1,0,1,4.333333333,72.22222222,1,1,0,0,0.5,0,0,1,1,1,1,-1,1,0.5,2,50,0,1,1,0.666666667,1,1,1,0,1,0.666666667,1,0,1,1,0,0.5,1,0,0,-1,0,1,1,0,1,0,4.833333333,69.04761905,0,0,0,0,0,0,0,0,0,0,0,0,0,0,0,16.55,0,16.55,59.11,59.1,-4
Asia and the Pacific,South-Eastern Asia and the Pacific,South-Eastern Asia,Lower-middle income,164,Timor-Leste,0,0,0,0,0,0,0,0,0,0,1,0,1,1,0,0,0.333333333,1,0,0,0,-1,0,0,1,0,0,0,0.25,0,0,0,0,0,0,0,1,1,1,2.583333333,28.7037037,0,0,1,0,0,1,1,1,1,0,0.5,1,1,0,1,0,0,0,0.5,0,0,0,0,0,0,0,0,0,0,0,0,0,0,0,0,0,0,0,1,16.66666667,0,0,0,0,0,0,0,1,0,0.5,0,0,0,0,0.5,12.5,0,0,0,0,1,1,0,0,0,0,1,0,1,0,1,0.5,0,1,0,0,0.5,0,0,0,0,0,3,42.85714286,0,0,0,0,0,0,0,0,0,0,0,0,0,0,0,7.083333333,0,7.083333333,25.30,25.3,-1
Africa,Sub-Saharan Africa,Western Africa,Low income,165,Togo,0,0,0,0,1,1,1,1,1,1,1,0,1,1,0,0,0.333333333,1,0,0,0,-1,0,0,0,0,1,1,0.5,0,0,0,0,0,0,0,1,1,1,3.833333333,42.59259259,0,1,1,1,0,1,1,1,0,0,0.6,0,0,0,0,1,0,0,0.166666667,0,0,0,0,0,0,0,0,0,0,0,1,0,1,1,0,0,-1,0,1.766666667,29.44444444,1,0,0,0,0.25,0,0,1,0,0.5,1,0,0,0.5,1.25,31.25,0,0,0,0,0,0,0,0,0,0,1,0,1,0,1,0.5,0,1,0,0,0.5,0,0,0,0,0,2,28.57142857,0,0,0,0,0,0,0,0,0,0,0,0,0,0,0,8.85,0,8.85,31.61,31.6,-2
Asia and the Pacific,South-Eastern Asia and the Pacific,Pacific Islands,Upper-middle income,166,Tonga,0,0,0,0,0,0,0,0,0,0,1,-1,0,0,0,0,0,1,0,1,0,-1,-1,0,0,1,0,0,0.25,0,0,0,0,0,0,0,0,0,0,0.25,2.777777778,0,0,0,0,0,0,0,0,0,0,0,0,0,0,0,0,0,-1,-0.166666667,0,0,0,0,0,0,0,0,0,0,0,1,0,1,0,0,0,0,0,0.833333333,13.88888889,0,0,0,0,0,0,0,1,0,0.5,0,0,0,0,0.5,12.5,0,0,0,0,0,0,0,0,1,0.333333333,1,0,1,0,0,0,0,1,0,0,0.5,0,0,0,0,0,1.833333333,26.19047619,0,0,0,0,0,0,0,0,0,0,0,0,0,0,0,3.416666667,0,3.416666667,12.20,12.2,-4
Americas,Latin America and the Caribbean,Caribbean,High income,167,Trinidad and Tobago,1,1,1,1,1,1,1,0,1,0.8,1,0,1,1,1,1,1,1,-1,1,1,0,0,0.666666667,1,1,1,1,1,1,0,0.5,1,0,0,0.333333333,0,0,0,6.3,70,1,1,1,1,0,1,0,0,0,0,0.5,1,0,0,0,0,0,0,0.166666667,1,0,0,0,0.333333333,1,1,1,1,1,1,1,0,1,1,1,0,0,0.666666667,3.666666667,61.11111111,0,1,0,0,0.25,0,0,1,1,1,1,0,1,1,2.25,56.25,1,0,0,0.333333333,1,1,0,0,1,0.333333333,1,-1,1,1,0,0.5,0,1,0,0,0.5,1,1,0,1,0,4.666666667,66.66666667,0,0,0,0,0,0,0,0,0,0,0,0,0,0,0,16.88333333,-1,15.88333333,56.73,56.7,-2
Africa,Northern Africa,Northern Africa,Upper-middle income,168,Tunisia,1,1,0,0.666666667,1,1,1,0,1,0.8,1,0,1,1,1,0,0.666666667,1,0,1,1,0,0,1,0,1,1,0,0.5,1,0,0.5,0,0,0,0,0,0,0,5.133333333,57.03703704,1,1,1,1,0,1,1,1,0,0,0.7,1,0,0,0,0,0,0,0.166666667,1,1,0,0,0.666666667,1,0,0,0,0,0.2,0,0,0,1,1,1,-1,0.666666667,2.4,40,1,0,0,0,0.25,0,0,1,0,0.5,0,0,1,0.5,1.25,31.25,1,0,1,0.666666667,1,1,0,0,1,0.333333333,1,0,1,1,0,0.5,0,0,0,0,0,1,0,0,0.5,0,4,57.14285714,0,0,0,0,0,0,0,0,0,0,0,0,0,0,0,12.78333333,0,12.78333333,45.65,45.7,-1
Europe and Central Asia,Central and Western Asia,Western Asia,Upper-middle income,169,Turkey,1,0,1,0.666666667,1,1,1,1,1,1,1,0,1,1,1,0,0.666666667,1,-1,1,1,0,0,0.666666667,1,1,1,0,0.75,0,0,0,0,0,0,0,1,1,1,5.75,63.88888889,1,1,1,1,0,1,1,1,1,0,0.8,1,0,0,0,0,0,0,0.166666667,1,0,1,0,0.666666667,1,0,1,1,1,0.8,1,-1,0,1,1,1,0,1,3.433333333,57.22222222,1,0,0,0,0.25,0,0,1,1,1,1,0,0,0.5,1.75,43.75,0,0,0,0,1,1,0,0,1,0.333333333,1,0,1,1,0,0.5,0,0,0,0,0,0,0,0,0,0,2.833333333,40.47619048,0,0,0,0,0,0,0,0,0,0,0,0,0,0,0,13.76666667,0,13.76666667,49.17,49.2,-2
Europe and Central Asia,Central and Western Asia,Central Asia,Upper-middle income,170,Turkmenistan,0,0,0,0,1,1,1,1,0,0.8,1,0,1,0,0,0,0,0,0,0,0,0,0,0,0,0,0,0,0,0,0,0,0,0,0,0,0,0,0,1.8,20,1,1,1,1,0,1,1,1,0,0,0.7,1,0,0,0,0,1,-1,0.166666667,1,1,0,-1,0.333333333,0,0,0,1,0,0.2,0,0,0,1,1,0,0,0.666666667,2.066666667,34.44444444,0,1,0,1,0.5,0,0,1,1,1,0,0,0,0,1.5,37.5,0,0,0,0,1,1,0,0,1,0.333333333,1,-1,1,1,0,0.5,0,1,0,0,0.5,1,0,0,0.5,-1,3.833333333,54.76190476,0,0,0,0,0,0,0,0,0,0,0,0,0,0,0,9.2,-2,7.2,25.71,25.7,-4
Asia and the Pacific,South-Eastern Asia and the Pacific,Pacific Islands,Upper-middle income,171,Tuvalu,0,0,0,0,0,0,0,0,0,0,0,0,0,0,0,0,0,0,0,0,0,0,0,0,0,0,0,0,0,0,0,0,0,0,0,0,0,0,0,0,0,0,0,0,0,0,0,0,0,0,0,0,0,0,1,0,0,0,0,0.166666667,0,0,0,0,0,0,0,0,0,1,0.2,0,0,0,0,0,0,0,0,0.366666667,6.111111111,0,1,0,0,0.25,0,0,1,0,0.5,0,0,0,0,0.75,18.75,0,0,0,0,0,0,0,0,1,0.333333333,1,0,1,0,0,0,1,0,0,0,0.5,0,0,0,0,0,1.833333333,26.19047619,0,0,0,0,0,0,0,0,0,0,0,0,0,0,0,2.95,0,2.95,10.54,10.5,0
Africa,Sub-Saharan Africa,Eastern Africa,Low income,172,Uganda,1,0,0,0.333333333,1,1,0,1,0,0.6,1,0,1,1,1,1,1,1,0,0,1,-1,0,0.333333333,0,1,0,0,0.25,0,0,0,1,0,0,0.333333333,0,0,0,3.85,42.77777778,1,1,0,1,0,1,1,1,1,0,0.7,1,1,1,1,0,0,-1,0.5,1,1,1,-1,0.666666667,1,0,0,1,1,0.6,1,-1,0,1,1,0,-1,0.333333333,2.8,46.66666667,1,1,0,0,0.5,0,0,1,0,0.5,1,-1,1,0.5,1.5,37.5,0,0,0,0,1,1,1,0,0,0.333333333,1,-1,1,0,1,0.5,1,0,0,0,0.5,1,1,-1,0.5,0,3.833333333,54.76190476,0,0,0,0,0,0,0,0,0,0,0,0,0,0,0,11.98333333,-1,10.98333333,39.23,39.2,-8
Europe and Central Asia,Eastern Europe,Eastern Europe,Lower-middle income,173,Ukraine,1,0,0,0.333333333,1,1,1,1,1,1,1,0,1,1,1,1,1,1,0,1,1,0,0,1,1,1,1,0,0.75,1,0,0.5,1,0,0,0.333333333,1,1,1,6.916666667,76.85185185,1,1,1,1,0,1,1,1,0,0,0.7,1,0,0,0,0,0,0,0.166666667,1,0,1,0,0.666666667,1,1,0,1,0,0.6,1,-1,0,1,1,1,-1,0.666666667,2.8,46.66666667,0,1,1,1,0.75,0,0,1,1,1,0,0,1,0.5,2.25,56.25,0,0,0,0,1,1,0,0,1,0.333333333,1,0,1,1,0,0.5,0,1,0,0,0.5,1,1,0,1,0,4.333333333,61.9047619,0,0,0,0,0,0,0,0,0,0,0,0,0,0,0,16.3,0,16.3,58.21,58.2,-2
Arab States,Arab States,Arab States,High income,174,United Arab Emirates,1,1,0,0.666666667,1,1,1,1,1,1,1,0,1,1,0,1,0.666666667,1,0,1,1,0,0,1,1,1,1,1,1,0,0,0,0,0,0,0,1,1,1,6.333333333,70.37037037,0,0,1,1,0,1,0,1,0,0,0.4,1,0,0,0,0,0,0,0.166666667,0,0,0,0,0,1,0,1,0,0,0.4,1,0,1,1,1,1,0,1,2.966666667,49.44444444,1,1,1,0,0.75,0,0,1,1,1,1,0,1,1,2.75,68.75,1,0,0,0.333333333,1,1,1,0,1,0.666666667,1,0,1,1,0,0.5,1,0,-1,-1,-0.5,1,0,0,0.5,0,3.5,50,0,0,0,0,0,0,0,0,0,0,0,0,0,0,0,15.55,0,15.55,55.54,55.5,-2
Europe and Central Asia,"Northern, Southern and Western Europe",Northern Europe,High income,175,United Kingdom,1,1,1,1,1,1,1,1,1,1,1,0,1,1,1,0,0.666666667,1,0,1,1,0,0,1,0,1,0,0,0.25,1,1,1,1,1,1,1,1,1,1,7.916666667,87.96296296,1,1,1,1,0,1,1,1,0,1,0.8,1,1,1,0,1,1,0,0.833333333,1,1,0,-1,0.333333333,1,1,1,0,1,0.8,1,0,1,1,1,1,0,1,4.766666667,79.44444444,0,1,1,0,0.5,1,1,1,1,1,1,-1,1,0.5,3,75,1,1,1,1,1,1,1,1,1,1,1,0,1,1,0,0.5,1,1,0,0,1,0,1,0,0.5,0,6,85.71428571,1,1,0,0,0,0.4,1,1,0,0,0,0,0.333333333,0.733333333,36.66666667,22.41666667,0,22.41666667,80.06,80.1,-2
Americas,Northern America,Northern America,High income,176,United States,1,1,1,1,1,1,1,1,1,1,1,0,1,1,1,1,1,1,0,1,1,-1,0,0.666666667,1,1,1,1,1,1,1,1,1,1,0,0.666666667,1,1,1,8.333333333,92.59259259,1,1,1,1,0,1,1,1,0,0,0.7,1,1,1,0,1,0,-1,0.5,1,1,0,-1,0.333333333,1,1,1,1,1,1,1,0,1,1,1,1,0,1,4.533333333,75.55555556,1,1,1,0,0.75,0,0,1,1,1,1,-1,0,0,1.75,43.75,1,1,1,1,1,1,1,1,1,1,1,0,1,1,0,0.5,1,0,0,0,0.5,1,1,0,1,-1,6,85.71428571,1,1,0,1,1,0.8,1,1,0,0,1,0,0.5,1.3,65,21.91666667,-1,20.91666667,74.70,74.7,-5
Americas,Latin America and the Caribbean,South America,High income,177,Uruguay,1,1,0,0.666666667,1,1,1,0,0,0.6,1,0,1,1,1,1,1,1,0,1,1,-1,0,0.666666667,0,1,0,0,0.25,1,0,0.5,1,1,0,0.666666667,0,0,0,5.35,59.44444444,1,1,1,1,1,1,1,1,1,0,0.9,1,1,0,0,1,0,0,0.5,1,1,1,0,1,1,0,1,1,0,0.6,0,0,0,1,1,1,0,1,4,66.66666667,1,1,0,0,0.5,1,1,1,0,0.5,1,0,0,0.5,2.5,62.5,1,0,1,0.666666667,1,1,1,0,1,0.666666667,1,0,1,1,1,1,0,1,0,0,0.5,1,1,0,1,0,5.833333333,83.33333333,0,0,0,0,0,0,0,0,0,0,0,0,0,0,0,17.68333333,0,17.68333333,63.15,63.2,-1
Europe and Central Asia,Central and Western Asia,Central Asia,Lower-middle income,178,Uzbekistan,1,1,1,1,1,1,1,0,1,0.8,1,0,1,0,0,0,0,1,-1,1,1,0,-1,0.333333333,1,0,0,0,0.25,0,0,0,0,0,0,0,0,0,0,3.383333333,37.59259259,0,0,1,1,0,1,1,1,0,0,0.5,1,0,0,0,0,1,-1,0.166666667,1,1,0,-1,0.333333333,1,0,0,1,0,0.4,1,0,1,1,0,1,-1,0.333333333,2.733333333,45.55555556,1,1,0,0,0.5,0,0,1,1,1,0,-1,0,-0.5,1,25,1,1,0,0.666666667,1,1,0,0,1,0.333333333,1,-1,1,1,0,0.5,0,0,0,0,0,1,1,0,1,-1,4.5,64.28571429,0,0,0,0,0,0,0,0,0,0,0,0,0,0,0,11.61666667,-2,9.616666667,34.35,34.4,-8
Asia and the Pacific,South-Eastern Asia and the Pacific,Pacific Islands,Lower-middle income,179,Vanuatu,0,0,0,0,0,0,0,0,0,0,0,0,0,0,0,0,0,0,0,0,0,0,0,0,0,0,0,0,0,0,0,0,0,0,0,0,0,0,0,0,0,0,0,0,1,0,1,1,1,0,0,0.4,0,1,1,0,1,1,-1,0.5,0,1,0,0,0.333333333,0,0,0,0,0,0,0,0,0,0,0,0,0,0,1.233333333,20.55555556,0,0,0,0,0,0,0,1,0,0.5,0,0,0,0,0.5,12.5,0,0,0,0,0,0,0,0,0,0,1,0,1,0,0,0,0,0,0,0,0,0,0,0,0,0,1,14.28571429,0,0,0,0,0,0,0,0,0,0,0,0,0,0,0,2.733333333,0,2.733333333,9.76,9.8,-1
Americas,Latin America and the Caribbean,South America,High income,180,"Venezuela, Bolivarian Republic of",0,0,0,0,0,0,0,0,0,0,1,-1,0,1,1,0,0.666666667,1,0,0,1,-1,0,0.333333333,0,1,0,0,0.25,0,0,0,0,0,0,0,0,0,0,1.25,13.88888889,0,0,1,1,0,1,1,1,1,0,0.6,0,1,0,0,0,0,0,0.166666667,1,0,1,0,0.666666667,0,0,0,1,0,0.2,0,0,0,1,1,1,0,1,2.633333333,43.88888889,0,0,0,0,0,0,0,1,0,0.5,0,0,0,0,0.5,12.5,0,0,0,0,1,1,0,0,1,0.333333333,1,0,1,0,0,0,0,1,-1,0,0,0,1,0,0.5,-1,2.833333333,40.47619048,0,0,0,0,0,0,0,0,0,0,0,0,0,0,0,7.216666667,-1,6.216666667,22.20,22.2,-4
Asia and the Pacific,South-Eastern Asia and the Pacific,South-Eastern Asia,Lower-middle income,181,Viet Nam,1,0,0,0.333333333,1,1,0,1,0,0.6,1,0,1,1,1,0,0.666666667,1,0,1,1,0,0,1,1,0,0,1,0.5,1,1,1,0,0,0,0,0,0,0,5.1,56.66666667,1,1,1,0,0,1,1,1,0,0,0.6,0,0,1,0,1,1,-1,0.333333333,1,0,0,0,0.333333333,1,0,0,1,1,0.6,1,0,1,1,1,0,-1,0.333333333,3.2,53.33333333,0,1,1,0,0.5,0,0,1,1,1,1,0,1,1,2.5,62.5,1,0,0,0.333333333,1,1,0,0,1,0.333333333,1,-1,1,1,0,0.5,0,0,0,0,0,1,1,0,1,-1,4.166666667,59.52380952,0,0,0,0,0,0,0,0,0,0,0,0,0,0,0,14.96666667,-2,12.96666667,46.31,46.3,-4
Africa,Sub-Saharan Africa,Eastern Africa,Lower-middle income,182,Zambia,0,0,0,0,1,1,1,1,1,1,1,0,1,1,1,0,0.666666667,1,0,0,1,-1,0,0.333333333,0,1,1,0,0.5,0,0,0,0,0,0,0,1,1,1,4.5,50,1,1,1,1,0,1,0,0,0,0,0.5,1,1,1,0,1,0,0,0.666666667,0,0,1,0,0.333333333,1,0,0,1,0,0.4,1,0,1,0,1,0,0,0.333333333,3.233333333,53.88888889,0,0,0,0,0,0,0,1,1,1,1,0,0,0.5,1.5,37.5,0,0,0,0,1,1,0,0,0,0,1,0,1,0,0,0,0,0,0,0,0,0,1,0,0.5,0,2.5,35.71428571,0,0,0,0,0,0,0,0,0,0,0,0,0,0,0,11.73333333,0,11.73333333,41.90,41.9,-1
Africa,Sub-Saharan Africa,Eastern Africa,Low income,183,Zimbabwe,0,0,0,0,1,0,1,1,1,0.8,1,0,1,1,1,1,1,1,0,0,0,-1,0,0,1,0,1,0,0.5,1,0,0.5,0,0,0,0,1,0,0.5,4.3,47.77777778,0,1,1,1,0,1,1,1,0,0,0.6,0,0,1,0,1,0,-1,0.166666667,0,0,0,0,0,0,1,0,1,1,0.6,0,0,0,1,1,0,0,0.666666667,2.033333333,33.88888889,0,1,0,0,0.25,0,0,1,1,1,1,0,0,0.5,1.75,43.75,0,0,0,0,1,1,0,0,1,0.333333333,1,0,1,0,1,0.5,0,1,0,0,0.5,1,1,0,1,0,4.333333333,61.9047619,0,0,0,0,0,0,0,0,0,0,0,0,0,0,0,12.41666667,0,12.41666667,44.35,44.4,-2